<?xml version="1.0" encoding="UTF-8" standalone="yes"?>
<w:numbering xmlns:wpc="http://schemas.microsoft.com/office/word/2010/wordprocessingCanvas" xmlns:cx="http://schemas.microsoft.com/office/drawing/2014/chartex" xmlns:cx1="http://schemas.microsoft.com/office/drawing/2015/9/8/chartex" xmlns:cx2="http://schemas.microsoft.com/office/drawing/2015/10/21/chartex" xmlns:cx3="http://schemas.microsoft.com/office/drawing/2016/5/9/chartex" xmlns:cx4="http://schemas.microsoft.com/office/drawing/2016/5/10/chartex" xmlns:cx5="http://schemas.microsoft.com/office/drawing/2016/5/11/chartex" xmlns:cx6="http://schemas.microsoft.com/office/drawing/2016/5/12/chartex" xmlns:cx7="http://schemas.microsoft.com/office/drawing/2016/5/13/chartex" xmlns:cx8="http://schemas.microsoft.com/office/drawing/2016/5/14/chartex" xmlns:mc="http://schemas.openxmlformats.org/markup-compatibility/2006" xmlns:aink="http://schemas.microsoft.com/office/drawing/2016/ink" xmlns:am3d="http://schemas.microsoft.com/office/drawing/2017/model3d" xmlns:o="urn:schemas-microsoft-com:office:office" xmlns:r="http://schemas.openxmlformats.org/officeDocument/2006/relationships" xmlns:m="http://schemas.openxmlformats.org/officeDocument/2006/math" xmlns:v="urn:schemas-microsoft-com:vml" xmlns:wp14="http://schemas.microsoft.com/office/word/2010/wordprocessingDrawing" xmlns:wp="http://schemas.openxmlformats.org/drawingml/2006/wordprocessingDrawing" xmlns:w10="urn:schemas-microsoft-com:office:word" xmlns:w="http://schemas.openxmlformats.org/wordprocessingml/2006/main" xmlns:w14="http://schemas.microsoft.com/office/word/2010/wordml" xmlns:w15="http://schemas.microsoft.com/office/word/2012/wordml" xmlns:w16cex="http://schemas.microsoft.com/office/word/2018/wordml/cex" xmlns:w16cid="http://schemas.microsoft.com/office/word/2016/wordml/cid" xmlns:w16="http://schemas.microsoft.com/office/word/2018/wordml" xmlns:w16sdtdh="http://schemas.microsoft.com/office/word/2020/wordml/sdtdatahash" xmlns:w16se="http://schemas.microsoft.com/office/word/2015/wordml/symex" xmlns:wpg="http://schemas.microsoft.com/office/word/2010/wordprocessingGroup" xmlns:wpi="http://schemas.microsoft.com/office/word/2010/wordprocessingInk" xmlns:wne="http://schemas.microsoft.com/office/word/2006/wordml" xmlns:wps="http://schemas.microsoft.com/office/word/2010/wordprocessingShape" mc:Ignorable="w14 w15 w16se w16cid w16 w16cex w16sdtdh wp14"><w:abstractNum w:abstractNumId="0" w15:restartNumberingAfterBreak="0"><w:nsid w:val="00B0032A"/><w:multiLevelType w:val="hybridMultilevel"/><w:tmpl w:val="8AE87F70"/><w:lvl w:ilvl="0" w:tplc="679EB01C"><w:start w:val="1"/><w:numFmt w:val="bullet"/><w:pStyle w:val="TableCell10-BulletFlush"/><w:lvlText w:val=""/><w:lvlJc w:val="left"/><w:pPr><w:ind w:left="360" w:hanging="360"/></w:pPr><w:rPr><w:rFonts w:ascii="Symbol" w:hAnsi="Symbol" w:hint="default"/><w:color w:val="auto"/></w:rPr></w:lvl><w:lvl w:ilvl="1" w:tplc="04090003"><w:start w:val="1"/><w:numFmt w:val="bullet"/><w:lvlText w:val="o"/><w:lvlJc w:val="left"/><w:pPr><w:ind w:left="1440" w:hanging="360"/></w:pPr><w:rPr><w:rFonts w:ascii="Courier New" w:hAnsi="Courier New" w:cs="Courier New" w:hint="default"/></w:rPr></w:lvl><w:lvl w:ilvl="2" w:tplc="04090005"><w:start w:val="1"/><w:numFmt w:val="bullet"/><w:lvlText w:val=""/><w:lvlJc w:val="left"/><w:pPr><w:ind w:left="2160" w:hanging="360"/></w:pPr><w:rPr><w:rFonts w:ascii="Wingdings" w:hAnsi="Wingdings" w:hint="default"/></w:rPr></w:lvl><w:lvl w:ilvl="3" w:tplc="04090001"><w:start w:val="1"/><w:numFmt w:val="bullet"/><w:lvlText w:val=""/><w:lvlJc w:val="left"/><w:pPr><w:ind w:left="2880" w:hanging="360"/></w:pPr><w:rPr><w:rFonts w:ascii="Symbol" w:hAnsi="Symbol" w:hint="default"/></w:rPr></w:lvl><w:lvl w:ilvl="4" w:tplc="04090003"><w:start w:val="1"/><w:numFmt w:val="bullet"/><w:lvlText w:val="o"/><w:lvlJc w:val="left"/><w:pPr><w:ind w:left="3600" w:hanging="360"/></w:pPr><w:rPr><w:rFonts w:ascii="Courier New" w:hAnsi="Courier New" w:cs="Courier New" w:hint="default"/></w:rPr></w:lvl><w:lvl w:ilvl="5" w:tplc="04090005"><w:start w:val="1"/><w:numFmt w:val="bullet"/><w:lvlText w:val=""/><w:lvlJc w:val="left"/><w:pPr><w:ind w:left="4320" w:hanging="360"/></w:pPr><w:rPr><w:rFonts w:ascii="Wingdings" w:hAnsi="Wingdings" w:hint="default"/></w:rPr></w:lvl><w:lvl w:ilvl="6" w:tplc="04090001"><w:start w:val="1"/><w:numFmt w:val="bullet"/><w:lvlText w:val=""/><w:lvlJc w:val="left"/><w:pPr><w:ind w:left="5040" w:hanging="360"/></w:pPr><w:rPr><w:rFonts w:ascii="Symbol" w:hAnsi="Symbol" w:hint="default"/></w:rPr></w:lvl><w:lvl w:ilvl="7" w:tplc="04090003"><w:start w:val="1"/><w:numFmt w:val="bullet"/><w:lvlText w:val="o"/><w:lvlJc w:val="left"/><w:pPr><w:ind w:left="5760" w:hanging="360"/></w:pPr><w:rPr><w:rFonts w:ascii="Courier New" w:hAnsi="Courier New" w:cs="Courier New" w:hint="default"/></w:rPr></w:lvl><w:lvl w:ilvl="8" w:tplc="04090005"><w:start w:val="1"/><w:numFmt w:val="bullet"/><w:lvlText w:val=""/><w:lvlJc w:val="left"/><w:pPr><w:ind w:left="6480" w:hanging="360"/></w:pPr><w:rPr><w:rFonts w:ascii="Wingdings" w:hAnsi="Wingdings" w:hint="default"/></w:rPr></w:lvl></w:abstractNum><w:abstractNum w:abstractNumId="1" w15:restartNumberingAfterBreak="0"><w:nsid w:val="08234FA1"/><w:multiLevelType w:val="multilevel"/><w:tmpl w:val="98547EDA"/><w:lvl w:ilvl="0"><w:start w:val="1"/><w:numFmt w:val="decimal"/><w:pStyle w:val="Heading1"/><w:lvlText w:val="%1"/><w:lvlJc w:val="left"/><w:pPr><w:ind w:left="432" w:hanging="432"/></w:pPr><w:rPr><w:rFonts w:hint="default"/></w:rPr></w:lvl><w:lvl w:ilvl="1"><w:start w:val="1"/><w:numFmt w:val="decimal"/><w:pStyle w:val="Heading2"/><w:lvlText w:val="%1.%2"/><w:lvlJc w:val="left"/><w:pPr><w:ind w:left="576" w:hanging="576"/></w:pPr><w:rPr><w:rFonts w:hint="default"/><w:b w:val="0"/><w:bCs w:val="0"/><w:i w:val="0"/><w:iCs w:val="0"/><w:caps w:val="0"/><w:smallCaps w:val="0"/><w:strike w:val="0"/><w:dstrike w:val="0"/><w:outline w:val="0"/><w:shadow w:val="0"/><w:emboss w:val="0"/><w:imprint w:val="0"/><w:noProof w:val="0"/><w:vanish w:val="0"/><w:spacing w:val="0"/><w:kern w:val="0"/><w:position w:val="0"/><w:u w:val="none"/><w:effect w:val="none"/><w:vertAlign w:val="baseline"/><w:em w:val="none"/><w:specVanish w:val="0"/><w14:glow w14:rad="0"><w14:srgbClr w14:val="000000"/></w14:glow><w14:shadow w14:blurRad="0" w14:dist="0" w14:dir="0" w14:sx="0" w14:sy="0" w14:kx="0" w14:ky="0" w14:algn="none"><w14:srgbClr w14:val="000000"/></w14:shadow><w14:reflection w14:blurRad="0" w14:stA="0" w14:stPos="0" w14:endA="0" w14:endPos="0" w14:dist="0" w14:dir="0" w14:fadeDir="0" w14:sx="0" w14:sy="0" w14:kx="0" w14:ky="0" w14:algn="none"/><w14:textOutline w14:w="0" w14:cap="rnd" w14:cmpd="sng" w14:algn="ctr"><w14:noFill/><w14:prstDash w14:val="solid"/><w14:bevel/></w14:textOutline><w14:scene3d><w14:camera w14:prst="orthographicFront"/><w14:lightRig w14:rig="threePt" w14:dir="t"><w14:rot w14:lat="0" w14:lon="0" w14:rev="0"/></w14:lightRig></w14:scene3d><w14:props3d w14:extrusionH="0" w14:contourW="0" w14:prstMaterial="none"/><w14:ligatures w14:val="none"/><w14:numForm w14:val="default"/><w14:numSpacing w14:val="default"/><w14:stylisticSets/><w14:cntxtAlts w14:val="0"/></w:rPr></w:lvl><w:lvl w:ilvl="2"><w:start w:val="1"/><w:numFmt w:val="decimal"/><w:pStyle w:val="Heading3"/><w:lvlText w:val="%1.%2.%3"/><w:lvlJc w:val="left"/><w:pPr><w:ind w:left="720" w:hanging="720"/></w:pPr><w:rPr><w:rFonts w:hint="default"/></w:rPr></w:lvl><w:lvl w:ilvl="3"><w:start w:val="1"/><w:numFmt w:val="decimal"/><w:pStyle w:val="Heading4"/><w:lvlText w:val="%1.%2.%3.%4"/><w:lvlJc w:val="left"/><w:pPr><w:ind w:left="864" w:hanging="864"/></w:pPr><w:rPr><w:rFonts w:hint="default"/></w:rPr></w:lvl><w:lvl w:ilvl="4"><w:start w:val="1"/><w:numFmt w:val="decimal"/><w:pStyle w:val="Heading5"/><w:lvlText w:val="%1.%2.%3.%4.%5"/><w:lvlJc w:val="left"/><w:pPr><w:ind w:left="1008" w:hanging="1008"/></w:pPr><w:rPr><w:rFonts w:hint="default"/></w:rPr></w:lvl><w:lvl w:ilvl="5"><w:start w:val="1"/><w:numFmt w:val="decimal"/><w:pStyle w:val="Heading6"/><w:lvlText w:val="%1.%2.%3.%4.%5.%6"/><w:lvlJc w:val="left"/><w:pPr><w:ind w:left="1152" w:hanging="1152"/></w:pPr><w:rPr><w:rFonts w:hint="default"/></w:rPr></w:lvl><w:lvl w:ilvl="6"><w:start w:val="1"/><w:numFmt w:val="decimal"/><w:pStyle w:val="Heading7"/><w:lvlText w:val="%1.%2.%3.%4.%5.%6.%7"/><w:lvlJc w:val="left"/><w:pPr><w:ind w:left="1296" w:hanging="1296"/></w:pPr><w:rPr><w:rFonts w:hint="default"/></w:rPr></w:lvl><w:lvl w:ilvl="7"><w:start w:val="1"/><w:numFmt w:val="decimal"/><w:pStyle w:val="Heading8"/><w:lvlText w:val="%1.%2.%3.%4.%5.%6.%7.%8"/><w:lvlJc w:val="left"/><w:pPr><w:ind w:left="1440" w:hanging="1440"/></w:pPr><w:rPr><w:rFonts w:hint="default"/></w:rPr></w:lvl><w:lvl w:ilvl="8"><w:start w:val="1"/><w:numFmt w:val="decimal"/><w:pStyle w:val="Heading9"/><w:lvlText w:val="%1.%2.%3.%4.%5.%6.%7.%8.%9"/><w:lvlJc w:val="left"/><w:pPr><w:ind w:left="1584" w:hanging="1584"/></w:pPr><w:rPr><w:rFonts w:hint="default"/></w:rPr></w:lvl></w:abstractNum><w:abstractNum w:abstractNumId="2" w15:restartNumberingAfterBreak="0"><w:nsid w:val="0AA17B71"/><w:multiLevelType w:val="hybridMultilevel"/><w:tmpl w:val="CA4AF4AA"/><w:lvl w:ilvl="0" w:tplc="A28C3FEE"><w:start w:val="1"/><w:numFmt w:val="bullet"/><w:pStyle w:val="TableBullet11-Level3"/><w:lvlText w:val=""/><w:lvlJc w:val="left"/><w:pPr><w:ind w:left="720" w:hanging="360"/></w:pPr><w:rPr><w:rFonts w:ascii="Wingdings" w:hAnsi="Wingdings" w:hint="default"/></w:rPr></w:lvl><w:lvl w:ilvl="1" w:tplc="04090003" w:tentative="1"><w:start w:val="1"/><w:numFmt w:val="bullet"/><w:lvlText w:val="o"/><w:lvlJc w:val="left"/><w:pPr><w:ind w:left="1440" w:hanging="360"/></w:pPr><w:rPr><w:rFonts w:ascii="Courier New" w:hAnsi="Courier New" w:cs="Courier New" w:hint="default"/></w:rPr></w:lvl><w:lvl w:ilvl="2" w:tplc="04090005" w:tentative="1"><w:start w:val="1"/><w:numFmt w:val="bullet"/><w:lvlText w:val=""/><w:lvlJc w:val="left"/><w:pPr><w:ind w:left="2160" w:hanging="360"/></w:pPr><w:rPr><w:rFonts w:ascii="Wingdings" w:hAnsi="Wingdings" w:hint="default"/></w:rPr></w:lvl><w:lvl w:ilvl="3" w:tplc="04090001" w:tentative="1"><w:start w:val="1"/><w:numFmt w:val="bullet"/><w:lvlText w:val=""/><w:lvlJc w:val="left"/><w:pPr><w:ind w:left="2880" w:hanging="360"/></w:pPr><w:rPr><w:rFonts w:ascii="Symbol" w:hAnsi="Symbol" w:hint="default"/></w:rPr></w:lvl><w:lvl w:ilvl="4" w:tplc="04090003" w:tentative="1"><w:start w:val="1"/><w:numFmt w:val="bullet"/><w:lvlText w:val="o"/><w:lvlJc w:val="left"/><w:pPr><w:ind w:left="3600" w:hanging="360"/></w:pPr><w:rPr><w:rFonts w:ascii="Courier New" w:hAnsi="Courier New" w:cs="Courier New" w:hint="default"/></w:rPr></w:lvl><w:lvl w:ilvl="5" w:tplc="04090005" w:tentative="1"><w:start w:val="1"/><w:numFmt w:val="bullet"/><w:lvlText w:val=""/><w:lvlJc w:val="left"/><w:pPr><w:ind w:left="4320" w:hanging="360"/></w:pPr><w:rPr><w:rFonts w:ascii="Wingdings" w:hAnsi="Wingdings" w:hint="default"/></w:rPr></w:lvl><w:lvl w:ilvl="6" w:tplc="04090001" w:tentative="1"><w:start w:val="1"/><w:numFmt w:val="bullet"/><w:lvlText w:val=""/><w:lvlJc w:val="left"/><w:pPr><w:ind w:left="5040" w:hanging="360"/></w:pPr><w:rPr><w:rFonts w:ascii="Symbol" w:hAnsi="Symbol" w:hint="default"/></w:rPr></w:lvl><w:lvl w:ilvl="7" w:tplc="04090003" w:tentative="1"><w:start w:val="1"/><w:numFmt w:val="bullet"/><w:lvlText w:val="o"/><w:lvlJc w:val="left"/><w:pPr><w:ind w:left="5760" w:hanging="360"/></w:pPr><w:rPr><w:rFonts w:ascii="Courier New" w:hAnsi="Courier New" w:cs="Courier New" w:hint="default"/></w:rPr></w:lvl><w:lvl w:ilvl="8" w:tplc="04090005" w:tentative="1"><w:start w:val="1"/><w:numFmt w:val="bullet"/><w:lvlText w:val=""/><w:lvlJc w:val="left"/><w:pPr><w:ind w:left="6480" w:hanging="360"/></w:pPr><w:rPr><w:rFonts w:ascii="Wingdings" w:hAnsi="Wingdings" w:hint="default"/></w:rPr></w:lvl></w:abstractNum><w:abstractNum w:abstractNumId="3" w15:restartNumberingAfterBreak="0"><w:nsid w:val="14437F17"/><w:multiLevelType w:val="hybridMultilevel"/><w:tmpl w:val="67E2BD80"/><w:lvl w:ilvl="0" w:tplc="5DE4612A"><w:start w:val="1"/><w:numFmt w:val="bullet"/><w:pStyle w:val="Bullet-Level3B"/><w:lvlText w:val="o"/><w:lvlJc w:val="left"/><w:pPr><w:ind w:left="720" w:hanging="360"/></w:pPr><w:rPr><w:rFonts w:ascii="Courier New" w:hAnsi="Courier New" w:cs="Courier New" w:hint="default"/></w:rPr></w:lvl><w:lvl w:ilvl="1" w:tplc="04090003" w:tentative="1"><w:start w:val="1"/><w:numFmt w:val="bullet"/><w:lvlText w:val="o"/><w:lvlJc w:val="left"/><w:pPr><w:ind w:left="1440" w:hanging="360"/></w:pPr><w:rPr><w:rFonts w:ascii="Courier New" w:hAnsi="Courier New" w:cs="Courier New" w:hint="default"/></w:rPr></w:lvl><w:lvl w:ilvl="2" w:tplc="04090005" w:tentative="1"><w:start w:val="1"/><w:numFmt w:val="bullet"/><w:lvlText w:val=""/><w:lvlJc w:val="left"/><w:pPr><w:ind w:left="2160" w:hanging="360"/></w:pPr><w:rPr><w:rFonts w:ascii="Wingdings" w:hAnsi="Wingdings" w:hint="default"/></w:rPr></w:lvl><w:lvl w:ilvl="3" w:tplc="04090001" w:tentative="1"><w:start w:val="1"/><w:numFmt w:val="bullet"/><w:lvlText w:val=""/><w:lvlJc w:val="left"/><w:pPr><w:ind w:left="2880" w:hanging="360"/></w:pPr><w:rPr><w:rFonts w:ascii="Symbol" w:hAnsi="Symbol" w:hint="default"/></w:rPr></w:lvl><w:lvl w:ilvl="4" w:tplc="04090003" w:tentative="1"><w:start w:val="1"/><w:numFmt w:val="bullet"/><w:lvlText w:val="o"/><w:lvlJc w:val="left"/><w:pPr><w:ind w:left="3600" w:hanging="360"/></w:pPr><w:rPr><w:rFonts w:ascii="Courier New" w:hAnsi="Courier New" w:cs="Courier New" w:hint="default"/></w:rPr></w:lvl><w:lvl w:ilvl="5" w:tplc="04090005" w:tentative="1"><w:start w:val="1"/><w:numFmt w:val="bullet"/><w:lvlText w:val=""/><w:lvlJc w:val="left"/><w:pPr><w:ind w:left="4320" w:hanging="360"/></w:pPr><w:rPr><w:rFonts w:ascii="Wingdings" w:hAnsi="Wingdings" w:hint="default"/></w:rPr></w:lvl><w:lvl w:ilvl="6" w:tplc="04090001" w:tentative="1"><w:start w:val="1"/><w:numFmt w:val="bullet"/><w:lvlText w:val=""/><w:lvlJc w:val="left"/><w:pPr><w:ind w:left="5040" w:hanging="360"/></w:pPr><w:rPr><w:rFonts w:ascii="Symbol" w:hAnsi="Symbol" w:hint="default"/></w:rPr></w:lvl><w:lvl w:ilvl="7" w:tplc="04090003" w:tentative="1"><w:start w:val="1"/><w:numFmt w:val="bullet"/><w:lvlText w:val="o"/><w:lvlJc w:val="left"/><w:pPr><w:ind w:left="5760" w:hanging="360"/></w:pPr><w:rPr><w:rFonts w:ascii="Courier New" w:hAnsi="Courier New" w:cs="Courier New" w:hint="default"/></w:rPr></w:lvl><w:lvl w:ilvl="8" w:tplc="04090005" w:tentative="1"><w:start w:val="1"/><w:numFmt w:val="bullet"/><w:lvlText w:val=""/><w:lvlJc w:val="left"/><w:pPr><w:ind w:left="6480" w:hanging="360"/></w:pPr><w:rPr><w:rFonts w:ascii="Wingdings" w:hAnsi="Wingdings" w:hint="default"/></w:rPr></w:lvl></w:abstractNum><w:abstractNum w:abstractNumId="4" w15:restartNumberingAfterBreak="0"><w:nsid w:val="1482775B"/><w:multiLevelType w:val="multilevel"/><w:tmpl w:val="AE6CF71E"/><w:lvl w:ilvl="0"><w:start w:val="1"/><w:numFmt w:val="decimal"/><w:lvlText w:val="%1"/><w:lvlJc w:val="left"/><w:pPr><w:ind w:left="432" w:hanging="432"/></w:pPr></w:lvl><w:lvl w:ilvl="1"><w:start w:val="1"/><w:numFmt w:val="decimal"/><w:lvlText w:val="%1.%2"/><w:lvlJc w:val="left"/><w:pPr><w:ind w:left="576" w:hanging="576"/></w:pPr></w:lvl><w:lvl w:ilvl="2"><w:start w:val="1"/><w:numFmt w:val="decimal"/><w:lvlText w:val="%1.%2.%3"/><w:lvlJc w:val="left"/><w:pPr><w:ind w:left="720" w:hanging="720"/></w:pPr></w:lvl><w:lvl w:ilvl="3"><w:start w:val="1"/><w:numFmt w:val="decimal"/><w:lvlText w:val="%1.%2.%3.%4"/><w:lvlJc w:val="left"/><w:pPr><w:ind w:left="864" w:hanging="864"/></w:pPr></w:lvl><w:lvl w:ilvl="4"><w:start w:val="1"/><w:numFmt w:val="decimal"/><w:lvlText w:val="%1.%2.%3.%4.%5"/><w:lvlJc w:val="left"/><w:pPr><w:ind w:left="1008" w:hanging="1008"/></w:pPr></w:lvl><w:lvl w:ilvl="5"><w:start w:val="1"/><w:numFmt w:val="decimal"/><w:lvlText w:val="%1.%2.%3.%4.%5.%6"/><w:lvlJc w:val="left"/><w:pPr><w:ind w:left="1152" w:hanging="1152"/></w:pPr></w:lvl><w:lvl w:ilvl="6"><w:start w:val="1"/><w:numFmt w:val="decimal"/><w:lvlText w:val="%1.%2.%3.%4.%5.%6.%7"/><w:lvlJc w:val="left"/><w:pPr><w:ind w:left="1296" w:hanging="1296"/></w:pPr></w:lvl><w:lvl w:ilvl="7"><w:start w:val="1"/><w:numFmt w:val="decimal"/><w:lvlText w:val="%1.%2.%3.%4.%5.%6.%7.%8"/><w:lvlJc w:val="left"/><w:pPr><w:ind w:left="1440" w:hanging="1440"/></w:pPr></w:lvl><w:lvl w:ilvl="8"><w:start w:val="1"/><w:numFmt w:val="decimal"/><w:lvlText w:val="%1.%2.%3.%4.%5.%6.%7.%8.%9"/><w:lvlJc w:val="left"/><w:pPr><w:ind w:left="1584" w:hanging="1584"/></w:pPr></w:lvl></w:abstractNum><w:abstractNum w:abstractNumId="5" w15:restartNumberingAfterBreak="0"><w:nsid w:val="1B204D2B"/><w:multiLevelType w:val="hybridMultilevel"/><w:tmpl w:val="76E83CAC"/><w:lvl w:ilvl="0" w:tplc="04090001"><w:start w:val="1"/><w:numFmt w:val="bullet"/><w:lvlText w:val=""/><w:lvlJc w:val="left"/><w:pPr><w:ind w:left="720" w:hanging="360"/></w:pPr><w:rPr><w:rFonts w:ascii="Symbol" w:hAnsi="Symbol" w:hint="default"/></w:rPr></w:lvl><w:lvl w:ilvl="1" w:tplc="04090003" w:tentative="1"><w:start w:val="1"/><w:numFmt w:val="bullet"/><w:lvlText w:val="o"/><w:lvlJc w:val="left"/><w:pPr><w:ind w:left="1440" w:hanging="360"/></w:pPr><w:rPr><w:rFonts w:ascii="Courier New" w:hAnsi="Courier New" w:cs="Courier New" w:hint="default"/></w:rPr></w:lvl><w:lvl w:ilvl="2" w:tplc="04090005" w:tentative="1"><w:start w:val="1"/><w:numFmt w:val="bullet"/><w:lvlText w:val=""/><w:lvlJc w:val="left"/><w:pPr><w:ind w:left="2160" w:hanging="360"/></w:pPr><w:rPr><w:rFonts w:ascii="Wingdings" w:hAnsi="Wingdings" w:hint="default"/></w:rPr></w:lvl><w:lvl w:ilvl="3" w:tplc="04090001" w:tentative="1"><w:start w:val="1"/><w:numFmt w:val="bullet"/><w:lvlText w:val=""/><w:lvlJc w:val="left"/><w:pPr><w:ind w:left="2880" w:hanging="360"/></w:pPr><w:rPr><w:rFonts w:ascii="Symbol" w:hAnsi="Symbol" w:hint="default"/></w:rPr></w:lvl><w:lvl w:ilvl="4" w:tplc="04090003" w:tentative="1"><w:start w:val="1"/><w:numFmt w:val="bullet"/><w:lvlText w:val="o"/><w:lvlJc w:val="left"/><w:pPr><w:ind w:left="3600" w:hanging="360"/></w:pPr><w:rPr><w:rFonts w:ascii="Courier New" w:hAnsi="Courier New" w:cs="Courier New" w:hint="default"/></w:rPr></w:lvl><w:lvl w:ilvl="5" w:tplc="04090005" w:tentative="1"><w:start w:val="1"/><w:numFmt w:val="bullet"/><w:lvlText w:val=""/><w:lvlJc w:val="left"/><w:pPr><w:ind w:left="4320" w:hanging="360"/></w:pPr><w:rPr><w:rFonts w:ascii="Wingdings" w:hAnsi="Wingdings" w:hint="default"/></w:rPr></w:lvl><w:lvl w:ilvl="6" w:tplc="04090001" w:tentative="1"><w:start w:val="1"/><w:numFmt w:val="bullet"/><w:lvlText w:val=""/><w:lvlJc w:val="left"/><w:pPr><w:ind w:left="5040" w:hanging="360"/></w:pPr><w:rPr><w:rFonts w:ascii="Symbol" w:hAnsi="Symbol" w:hint="default"/></w:rPr></w:lvl><w:lvl w:ilvl="7" w:tplc="04090003" w:tentative="1"><w:start w:val="1"/><w:numFmt w:val="bullet"/><w:lvlText w:val="o"/><w:lvlJc w:val="left"/><w:pPr><w:ind w:left="5760" w:hanging="360"/></w:pPr><w:rPr><w:rFonts w:ascii="Courier New" w:hAnsi="Courier New" w:cs="Courier New" w:hint="default"/></w:rPr></w:lvl><w:lvl w:ilvl="8" w:tplc="04090005" w:tentative="1"><w:start w:val="1"/><w:numFmt w:val="bullet"/><w:lvlText w:val=""/><w:lvlJc w:val="left"/><w:pPr><w:ind w:left="6480" w:hanging="360"/></w:pPr><w:rPr><w:rFonts w:ascii="Wingdings" w:hAnsi="Wingdings" w:hint="default"/></w:rPr></w:lvl></w:abstractNum><w:abstractNum w:abstractNumId="6" w15:restartNumberingAfterBreak="0"><w:nsid w:val="1CAB768B"/><w:multiLevelType w:val="multilevel"/><w:tmpl w:val="EE945672"/><w:lvl w:ilvl="0"><w:start w:val="1"/><w:numFmt w:val="decimal"/><w:lvlText w:val="%1."/><w:lvlJc w:val="left"/><w:pPr><w:ind w:left="360" w:hanging="360"/></w:pPr><w:rPr><w:rFonts w:hint="default"/><w:b/><w:i w:val="0"/><w:sz w:val="28"/></w:rPr></w:lvl><w:lvl w:ilvl="1"><w:start w:val="1"/><w:numFmt w:val="decimal"/><w:suff w:val="space"/><w:lvlText w:val="%1.%2."/><w:lvlJc w:val="left"/><w:pPr><w:ind w:left="360" w:hanging="360"/></w:pPr><w:rPr><w:rFonts w:hint="default"/></w:rPr></w:lvl><w:lvl w:ilvl="2"><w:start w:val="1"/><w:numFmt w:val="decimal"/><w:suff w:val="space"/><w:lvlText w:val="%1.%2.%3."/><w:lvlJc w:val="left"/><w:pPr><w:ind w:left="360" w:hanging="360"/></w:pPr><w:rPr><w:b/><w:bCs w:val="0"/><w:i w:val="0"/><w:iCs w:val="0"/><w:caps w:val="0"/><w:smallCaps w:val="0"/><w:strike w:val="0"/><w:dstrike w:val="0"/><w:noProof w:val="0"/><w:vanish w:val="0"/><w:color w:val="000000"/><w:spacing w:val="0"/><w:kern w:val="0"/><w:position w:val="0"/><w:u w:val="none"/><w:effect w:val="none"/><w:vertAlign w:val="baseline"/><w:em w:val="none"/><w:specVanish w:val="0"/><w14:glow w14:rad="0"><w14:srgbClr w14:val="000000"/></w14:glow><w14:shadow w14:blurRad="0" w14:dist="0" w14:dir="0" w14:sx="0" w14:sy="0" w14:kx="0" w14:ky="0" w14:algn="none"><w14:srgbClr w14:val="000000"/></w14:shadow><w14:reflection w14:blurRad="0" w14:stA="0" w14:stPos="0" w14:endA="0" w14:endPos="0" w14:dist="0" w14:dir="0" w14:fadeDir="0" w14:sx="0" w14:sy="0" w14:kx="0" w14:ky="0" w14:algn="none"/><w14:textOutline w14:w="0" w14:cap="rnd" w14:cmpd="sng" w14:algn="ctr"><w14:noFill/><w14:prstDash w14:val="solid"/><w14:bevel/></w14:textOutline><w14:scene3d><w14:camera w14:prst="orthographicFront"/><w14:lightRig w14:rig="threePt" w14:dir="t"><w14:rot w14:lat="0" w14:lon="0" w14:rev="0"/></w14:lightRig></w14:scene3d><w14:props3d w14:extrusionH="0" w14:contourW="0" w14:prstMaterial="none"/><w14:ligatures w14:val="none"/><w14:numForm w14:val="default"/><w14:numSpacing w14:val="default"/><w14:stylisticSets/><w14:cntxtAlts w14:val="0"/></w:rPr></w:lvl><w:lvl w:ilvl="3"><w:start w:val="1"/><w:numFmt w:val="decimal"/><w:suff w:val="space"/><w:lvlText w:val="%1.%2.%3.%4."/><w:lvlJc w:val="left"/><w:pPr><w:ind w:left="360" w:hanging="360"/></w:pPr><w:rPr><w:rFonts w:hint="default"/></w:rPr></w:lvl><w:lvl w:ilvl="4"><w:start w:val="1"/><w:numFmt w:val="decimal"/><w:suff w:val="space"/><w:lvlText w:val="%1.%2.%3.%4.%5."/><w:lvlJc w:val="left"/><w:pPr><w:ind w:left="360" w:hanging="360"/></w:pPr><w:rPr><w:rFonts w:ascii="Calibri" w:hAnsi="Calibri" w:hint="default"/><w:b/><w:i w:val="0"/><w:caps w:val="0"/><w:strike w:val="0"/><w:dstrike w:val="0"/><w:vanish w:val="0"/><w:color w:val="auto"/><w:sz w:val="28"/><w:vertAlign w:val="baseline"/></w:rPr></w:lvl><w:lvl w:ilvl="5"><w:start w:val="1"/><w:numFmt w:val="decimal"/><w:lvlText w:val="%1.%2.%3.%4.%5.%6"/><w:lvlJc w:val="left"/><w:pPr><w:ind w:left="360" w:hanging="360"/></w:pPr><w:rPr><w:rFonts w:hint="default"/></w:rPr></w:lvl><w:lvl w:ilvl="6"><w:start w:val="1"/><w:numFmt w:val="decimal"/><w:lvlText w:val="%1.%2.%3.%4.%5.%6.%7"/><w:lvlJc w:val="left"/><w:pPr><w:ind w:left="360" w:hanging="360"/></w:pPr><w:rPr><w:rFonts w:hint="default"/></w:rPr></w:lvl><w:lvl w:ilvl="7"><w:start w:val="1"/><w:numFmt w:val="decimal"/><w:lvlText w:val="%1.%2.%3.%4.%5.%6.%7.%8"/><w:lvlJc w:val="left"/><w:pPr><w:ind w:left="360" w:hanging="360"/></w:pPr><w:rPr><w:rFonts w:hint="default"/></w:rPr></w:lvl><w:lvl w:ilvl="8"><w:start w:val="1"/><w:numFmt w:val="decimal"/><w:lvlText w:val="%1.%2.%3.%4.%5.%6.%7.%8.%9"/><w:lvlJc w:val="left"/><w:pPr><w:ind w:left="360" w:hanging="360"/></w:pPr><w:rPr><w:rFonts w:hint="default"/></w:rPr></w:lvl></w:abstractNum><w:abstractNum w:abstractNumId="7" w15:restartNumberingAfterBreak="0"><w:nsid w:val="22FC5552"/><w:multiLevelType w:val="hybridMultilevel"/><w:tmpl w:val="42181B7E"/><w:lvl w:ilvl="0" w:tplc="2C869860"><w:start w:val="1"/><w:numFmt w:val="bullet"/><w:pStyle w:val="Bullet-Level3"/><w:lvlText w:val="o"/><w:lvlJc w:val="left"/><w:pPr><w:ind w:left="720" w:hanging="360"/></w:pPr><w:rPr><w:rFonts w:ascii="Courier New" w:hAnsi="Courier New" w:cs="Courier New" w:hint="default"/></w:rPr></w:lvl><w:lvl w:ilvl="1" w:tplc="04090003" w:tentative="1"><w:start w:val="1"/><w:numFmt w:val="bullet"/><w:lvlText w:val="o"/><w:lvlJc w:val="left"/><w:pPr><w:ind w:left="1440" w:hanging="360"/></w:pPr><w:rPr><w:rFonts w:ascii="Courier New" w:hAnsi="Courier New" w:cs="Courier New" w:hint="default"/></w:rPr></w:lvl><w:lvl w:ilvl="2" w:tplc="04090005" w:tentative="1"><w:start w:val="1"/><w:numFmt w:val="bullet"/><w:lvlText w:val=""/><w:lvlJc w:val="left"/><w:pPr><w:ind w:left="2160" w:hanging="360"/></w:pPr><w:rPr><w:rFonts w:ascii="Wingdings" w:hAnsi="Wingdings" w:hint="default"/></w:rPr></w:lvl><w:lvl w:ilvl="3" w:tplc="04090001" w:tentative="1"><w:start w:val="1"/><w:numFmt w:val="bullet"/><w:lvlText w:val=""/><w:lvlJc w:val="left"/><w:pPr><w:ind w:left="2880" w:hanging="360"/></w:pPr><w:rPr><w:rFonts w:ascii="Symbol" w:hAnsi="Symbol" w:hint="default"/></w:rPr></w:lvl><w:lvl w:ilvl="4" w:tplc="04090003" w:tentative="1"><w:start w:val="1"/><w:numFmt w:val="bullet"/><w:lvlText w:val="o"/><w:lvlJc w:val="left"/><w:pPr><w:ind w:left="3600" w:hanging="360"/></w:pPr><w:rPr><w:rFonts w:ascii="Courier New" w:hAnsi="Courier New" w:cs="Courier New" w:hint="default"/></w:rPr></w:lvl><w:lvl w:ilvl="5" w:tplc="04090005" w:tentative="1"><w:start w:val="1"/><w:numFmt w:val="bullet"/><w:lvlText w:val=""/><w:lvlJc w:val="left"/><w:pPr><w:ind w:left="4320" w:hanging="360"/></w:pPr><w:rPr><w:rFonts w:ascii="Wingdings" w:hAnsi="Wingdings" w:hint="default"/></w:rPr></w:lvl><w:lvl w:ilvl="6" w:tplc="04090001" w:tentative="1"><w:start w:val="1"/><w:numFmt w:val="bullet"/><w:lvlText w:val=""/><w:lvlJc w:val="left"/><w:pPr><w:ind w:left="5040" w:hanging="360"/></w:pPr><w:rPr><w:rFonts w:ascii="Symbol" w:hAnsi="Symbol" w:hint="default"/></w:rPr></w:lvl><w:lvl w:ilvl="7" w:tplc="04090003" w:tentative="1"><w:start w:val="1"/><w:numFmt w:val="bullet"/><w:lvlText w:val="o"/><w:lvlJc w:val="left"/><w:pPr><w:ind w:left="5760" w:hanging="360"/></w:pPr><w:rPr><w:rFonts w:ascii="Courier New" w:hAnsi="Courier New" w:cs="Courier New" w:hint="default"/></w:rPr></w:lvl><w:lvl w:ilvl="8" w:tplc="04090005" w:tentative="1"><w:start w:val="1"/><w:numFmt w:val="bullet"/><w:lvlText w:val=""/><w:lvlJc w:val="left"/><w:pPr><w:ind w:left="6480" w:hanging="360"/></w:pPr><w:rPr><w:rFonts w:ascii="Wingdings" w:hAnsi="Wingdings" w:hint="default"/></w:rPr></w:lvl></w:abstractNum><w:abstractNum w:abstractNumId="8" w15:restartNumberingAfterBreak="0"><w:nsid w:val="28F74106"/><w:multiLevelType w:val="hybridMultilevel"/><w:tmpl w:val="49E8ABA6"/><w:lvl w:ilvl="0" w:tplc="AA5617CA"><w:start w:val="1"/><w:numFmt w:val="bullet"/><w:pStyle w:val="BulletLevel5"/><w:lvlText w:val=""/><w:lvlJc w:val="left"/><w:pPr><w:ind w:left="2520" w:hanging="360"/></w:pPr><w:rPr><w:rFonts w:ascii="Symbol" w:hAnsi="Symbol" w:hint="default"/></w:rPr></w:lvl><w:lvl w:ilvl="1" w:tplc="04090003"><w:start w:val="1"/><w:numFmt w:val="bullet"/><w:lvlText w:val="o"/><w:lvlJc w:val="left"/><w:pPr><w:ind w:left="3240" w:hanging="360"/></w:pPr><w:rPr><w:rFonts w:ascii="Courier New" w:hAnsi="Courier New" w:cs="Courier New" w:hint="default"/></w:rPr></w:lvl><w:lvl w:ilvl="2" w:tplc="04090005"><w:start w:val="1"/><w:numFmt w:val="bullet"/><w:lvlText w:val=""/><w:lvlJc w:val="left"/><w:pPr><w:ind w:left="3960" w:hanging="360"/></w:pPr><w:rPr><w:rFonts w:ascii="Wingdings" w:hAnsi="Wingdings" w:hint="default"/></w:rPr></w:lvl><w:lvl w:ilvl="3" w:tplc="04090001" w:tentative="1"><w:start w:val="1"/><w:numFmt w:val="bullet"/><w:lvlText w:val=""/><w:lvlJc w:val="left"/><w:pPr><w:ind w:left="4680" w:hanging="360"/></w:pPr><w:rPr><w:rFonts w:ascii="Symbol" w:hAnsi="Symbol" w:hint="default"/></w:rPr></w:lvl><w:lvl w:ilvl="4" w:tplc="04090003" w:tentative="1"><w:start w:val="1"/><w:numFmt w:val="bullet"/><w:lvlText w:val="o"/><w:lvlJc w:val="left"/><w:pPr><w:ind w:left="5400" w:hanging="360"/></w:pPr><w:rPr><w:rFonts w:ascii="Courier New" w:hAnsi="Courier New" w:cs="Courier New" w:hint="default"/></w:rPr></w:lvl><w:lvl w:ilvl="5" w:tplc="04090005" w:tentative="1"><w:start w:val="1"/><w:numFmt w:val="bullet"/><w:lvlText w:val=""/><w:lvlJc w:val="left"/><w:pPr><w:ind w:left="6120" w:hanging="360"/></w:pPr><w:rPr><w:rFonts w:ascii="Wingdings" w:hAnsi="Wingdings" w:hint="default"/></w:rPr></w:lvl><w:lvl w:ilvl="6" w:tplc="04090001" w:tentative="1"><w:start w:val="1"/><w:numFmt w:val="bullet"/><w:lvlText w:val=""/><w:lvlJc w:val="left"/><w:pPr><w:ind w:left="6840" w:hanging="360"/></w:pPr><w:rPr><w:rFonts w:ascii="Symbol" w:hAnsi="Symbol" w:hint="default"/></w:rPr></w:lvl><w:lvl w:ilvl="7" w:tplc="04090003" w:tentative="1"><w:start w:val="1"/><w:numFmt w:val="bullet"/><w:lvlText w:val="o"/><w:lvlJc w:val="left"/><w:pPr><w:ind w:left="7560" w:hanging="360"/></w:pPr><w:rPr><w:rFonts w:ascii="Courier New" w:hAnsi="Courier New" w:cs="Courier New" w:hint="default"/></w:rPr></w:lvl><w:lvl w:ilvl="8" w:tplc="04090005" w:tentative="1"><w:start w:val="1"/><w:numFmt w:val="bullet"/><w:lvlText w:val=""/><w:lvlJc w:val="left"/><w:pPr><w:ind w:left="8280" w:hanging="360"/></w:pPr><w:rPr><w:rFonts w:ascii="Wingdings" w:hAnsi="Wingdings" w:hint="default"/></w:rPr></w:lvl></w:abstractNum><w:abstractNum w:abstractNumId="9" w15:restartNumberingAfterBreak="0"><w:nsid w:val="2A425C48"/><w:multiLevelType w:val="hybridMultilevel"/><w:tmpl w:val="76F2C5B4"/><w:lvl w:ilvl="0" w:tplc="2DF696BC"><w:start w:val="1"/><w:numFmt w:val="bullet"/><w:lvlText w:val=""/><w:lvlJc w:val="left"/><w:pPr><w:ind w:left="1080" w:hanging="360"/></w:pPr><w:rPr><w:rFonts w:ascii="Symbol" w:hAnsi="Symbol" w:hint="default"/></w:rPr></w:lvl><w:lvl w:ilvl="1" w:tplc="04090003" w:tentative="1"><w:start w:val="1"/><w:numFmt w:val="bullet"/><w:lvlText w:val="o"/><w:lvlJc w:val="left"/><w:pPr><w:ind w:left="1800" w:hanging="360"/></w:pPr><w:rPr><w:rFonts w:ascii="Courier New" w:hAnsi="Courier New" w:cs="Courier New" w:hint="default"/></w:rPr></w:lvl><w:lvl w:ilvl="2" w:tplc="04090005" w:tentative="1"><w:start w:val="1"/><w:numFmt w:val="bullet"/><w:lvlText w:val=""/><w:lvlJc w:val="left"/><w:pPr><w:ind w:left="2520" w:hanging="360"/></w:pPr><w:rPr><w:rFonts w:ascii="Wingdings" w:hAnsi="Wingdings" w:hint="default"/></w:rPr></w:lvl><w:lvl w:ilvl="3" w:tplc="04090001" w:tentative="1"><w:start w:val="1"/><w:numFmt w:val="bullet"/><w:lvlText w:val=""/><w:lvlJc w:val="left"/><w:pPr><w:ind w:left="3240" w:hanging="360"/></w:pPr><w:rPr><w:rFonts w:ascii="Symbol" w:hAnsi="Symbol" w:hint="default"/></w:rPr></w:lvl><w:lvl w:ilvl="4" w:tplc="04090003" w:tentative="1"><w:start w:val="1"/><w:numFmt w:val="bullet"/><w:lvlText w:val="o"/><w:lvlJc w:val="left"/><w:pPr><w:ind w:left="3960" w:hanging="360"/></w:pPr><w:rPr><w:rFonts w:ascii="Courier New" w:hAnsi="Courier New" w:cs="Courier New" w:hint="default"/></w:rPr></w:lvl><w:lvl w:ilvl="5" w:tplc="04090005" w:tentative="1"><w:start w:val="1"/><w:numFmt w:val="bullet"/><w:lvlText w:val=""/><w:lvlJc w:val="left"/><w:pPr><w:ind w:left="4680" w:hanging="360"/></w:pPr><w:rPr><w:rFonts w:ascii="Wingdings" w:hAnsi="Wingdings" w:hint="default"/></w:rPr></w:lvl><w:lvl w:ilvl="6" w:tplc="04090001" w:tentative="1"><w:start w:val="1"/><w:numFmt w:val="bullet"/><w:lvlText w:val=""/><w:lvlJc w:val="left"/><w:pPr><w:ind w:left="5400" w:hanging="360"/></w:pPr><w:rPr><w:rFonts w:ascii="Symbol" w:hAnsi="Symbol" w:hint="default"/></w:rPr></w:lvl><w:lvl w:ilvl="7" w:tplc="04090003" w:tentative="1"><w:start w:val="1"/><w:numFmt w:val="bullet"/><w:lvlText w:val="o"/><w:lvlJc w:val="left"/><w:pPr><w:ind w:left="6120" w:hanging="360"/></w:pPr><w:rPr><w:rFonts w:ascii="Courier New" w:hAnsi="Courier New" w:cs="Courier New" w:hint="default"/></w:rPr></w:lvl><w:lvl w:ilvl="8" w:tplc="04090005" w:tentative="1"><w:start w:val="1"/><w:numFmt w:val="bullet"/><w:lvlText w:val=""/><w:lvlJc w:val="left"/><w:pPr><w:ind w:left="6840" w:hanging="360"/></w:pPr><w:rPr><w:rFonts w:ascii="Wingdings" w:hAnsi="Wingdings" w:hint="default"/></w:rPr></w:lvl></w:abstractNum><w:abstractNum w:abstractNumId="10" w15:restartNumberingAfterBreak="0"><w:nsid w:val="2BFB67CC"/><w:multiLevelType w:val="hybridMultilevel"/><w:tmpl w:val="815AEFF0"/><w:lvl w:ilvl="0" w:tplc="6EB81792"><w:start w:val="1"/><w:numFmt w:val="bullet"/><w:pStyle w:val="TableBullet11-Level1"/><w:lvlText w:val=""/><w:lvlJc w:val="left"/><w:pPr><w:ind w:left="360" w:hanging="360"/></w:pPr><w:rPr><w:rFonts w:ascii="Symbol" w:hAnsi="Symbol" w:hint="default"/><w:b/><w:i w:val="0"/></w:rPr></w:lvl><w:lvl w:ilvl="1" w:tplc="04090003" w:tentative="1"><w:start w:val="1"/><w:numFmt w:val="bullet"/><w:lvlText w:val="o"/><w:lvlJc w:val="left"/><w:pPr><w:ind w:left="1080" w:hanging="360"/></w:pPr><w:rPr><w:rFonts w:ascii="Courier New" w:hAnsi="Courier New" w:cs="Courier New" w:hint="default"/></w:rPr></w:lvl><w:lvl w:ilvl="2" w:tplc="04090005" w:tentative="1"><w:start w:val="1"/><w:numFmt w:val="bullet"/><w:lvlText w:val=""/><w:lvlJc w:val="left"/><w:pPr><w:ind w:left="1800" w:hanging="360"/></w:pPr><w:rPr><w:rFonts w:ascii="Wingdings" w:hAnsi="Wingdings" w:hint="default"/></w:rPr></w:lvl><w:lvl w:ilvl="3" w:tplc="04090001" w:tentative="1"><w:start w:val="1"/><w:numFmt w:val="bullet"/><w:lvlText w:val=""/><w:lvlJc w:val="left"/><w:pPr><w:ind w:left="2520" w:hanging="360"/></w:pPr><w:rPr><w:rFonts w:ascii="Symbol" w:hAnsi="Symbol" w:hint="default"/></w:rPr></w:lvl><w:lvl w:ilvl="4" w:tplc="04090003" w:tentative="1"><w:start w:val="1"/><w:numFmt w:val="bullet"/><w:lvlText w:val="o"/><w:lvlJc w:val="left"/><w:pPr><w:ind w:left="3240" w:hanging="360"/></w:pPr><w:rPr><w:rFonts w:ascii="Courier New" w:hAnsi="Courier New" w:cs="Courier New" w:hint="default"/></w:rPr></w:lvl><w:lvl w:ilvl="5" w:tplc="04090005" w:tentative="1"><w:start w:val="1"/><w:numFmt w:val="bullet"/><w:lvlText w:val=""/><w:lvlJc w:val="left"/><w:pPr><w:ind w:left="3960" w:hanging="360"/></w:pPr><w:rPr><w:rFonts w:ascii="Wingdings" w:hAnsi="Wingdings" w:hint="default"/></w:rPr></w:lvl><w:lvl w:ilvl="6" w:tplc="04090001" w:tentative="1"><w:start w:val="1"/><w:numFmt w:val="bullet"/><w:lvlText w:val=""/><w:lvlJc w:val="left"/><w:pPr><w:ind w:left="4680" w:hanging="360"/></w:pPr><w:rPr><w:rFonts w:ascii="Symbol" w:hAnsi="Symbol" w:hint="default"/></w:rPr></w:lvl><w:lvl w:ilvl="7" w:tplc="04090003" w:tentative="1"><w:start w:val="1"/><w:numFmt w:val="bullet"/><w:lvlText w:val="o"/><w:lvlJc w:val="left"/><w:pPr><w:ind w:left="5400" w:hanging="360"/></w:pPr><w:rPr><w:rFonts w:ascii="Courier New" w:hAnsi="Courier New" w:cs="Courier New" w:hint="default"/></w:rPr></w:lvl><w:lvl w:ilvl="8" w:tplc="04090005" w:tentative="1"><w:start w:val="1"/><w:numFmt w:val="bullet"/><w:lvlText w:val=""/><w:lvlJc w:val="left"/><w:pPr><w:ind w:left="6120" w:hanging="360"/></w:pPr><w:rPr><w:rFonts w:ascii="Wingdings" w:hAnsi="Wingdings" w:hint="default"/></w:rPr></w:lvl></w:abstractNum><w:abstractNum w:abstractNumId="11" w15:restartNumberingAfterBreak="0"><w:nsid w:val="328B306B"/><w:multiLevelType w:val="hybridMultilevel"/><w:tmpl w:val="B63EE486"/><w:lvl w:ilvl="0" w:tplc="75E43BEE"><w:start w:val="1"/><w:numFmt w:val="bullet"/><w:pStyle w:val="Bullet-Level2"/><w:lvlText w:val=""/><w:lvlJc w:val="left"/><w:pPr><w:ind w:left="1800" w:hanging="360"/></w:pPr><w:rPr><w:rFonts w:ascii="Symbol" w:hAnsi="Symbol" w:hint="default"/></w:rPr></w:lvl><w:lvl w:ilvl="1" w:tplc="04090003" w:tentative="1"><w:start w:val="1"/><w:numFmt w:val="bullet"/><w:lvlText w:val="o"/><w:lvlJc w:val="left"/><w:pPr><w:ind w:left="2520" w:hanging="360"/></w:pPr><w:rPr><w:rFonts w:ascii="Courier New" w:hAnsi="Courier New" w:cs="Courier New" w:hint="default"/></w:rPr></w:lvl><w:lvl w:ilvl="2" w:tplc="04090005" w:tentative="1"><w:start w:val="1"/><w:numFmt w:val="bullet"/><w:lvlText w:val=""/><w:lvlJc w:val="left"/><w:pPr><w:ind w:left="3240" w:hanging="360"/></w:pPr><w:rPr><w:rFonts w:ascii="Wingdings" w:hAnsi="Wingdings" w:hint="default"/></w:rPr></w:lvl><w:lvl w:ilvl="3" w:tplc="04090001" w:tentative="1"><w:start w:val="1"/><w:numFmt w:val="bullet"/><w:lvlText w:val=""/><w:lvlJc w:val="left"/><w:pPr><w:ind w:left="3960" w:hanging="360"/></w:pPr><w:rPr><w:rFonts w:ascii="Symbol" w:hAnsi="Symbol" w:hint="default"/></w:rPr></w:lvl><w:lvl w:ilvl="4" w:tplc="04090003" w:tentative="1"><w:start w:val="1"/><w:numFmt w:val="bullet"/><w:lvlText w:val="o"/><w:lvlJc w:val="left"/><w:pPr><w:ind w:left="4680" w:hanging="360"/></w:pPr><w:rPr><w:rFonts w:ascii="Courier New" w:hAnsi="Courier New" w:cs="Courier New" w:hint="default"/></w:rPr></w:lvl><w:lvl w:ilvl="5" w:tplc="04090005" w:tentative="1"><w:start w:val="1"/><w:numFmt w:val="bullet"/><w:lvlText w:val=""/><w:lvlJc w:val="left"/><w:pPr><w:ind w:left="5400" w:hanging="360"/></w:pPr><w:rPr><w:rFonts w:ascii="Wingdings" w:hAnsi="Wingdings" w:hint="default"/></w:rPr></w:lvl><w:lvl w:ilvl="6" w:tplc="04090001" w:tentative="1"><w:start w:val="1"/><w:numFmt w:val="bullet"/><w:lvlText w:val=""/><w:lvlJc w:val="left"/><w:pPr><w:ind w:left="6120" w:hanging="360"/></w:pPr><w:rPr><w:rFonts w:ascii="Symbol" w:hAnsi="Symbol" w:hint="default"/></w:rPr></w:lvl><w:lvl w:ilvl="7" w:tplc="04090003" w:tentative="1"><w:start w:val="1"/><w:numFmt w:val="bullet"/><w:lvlText w:val="o"/><w:lvlJc w:val="left"/><w:pPr><w:ind w:left="6840" w:hanging="360"/></w:pPr><w:rPr><w:rFonts w:ascii="Courier New" w:hAnsi="Courier New" w:cs="Courier New" w:hint="default"/></w:rPr></w:lvl><w:lvl w:ilvl="8" w:tplc="04090005" w:tentative="1"><w:start w:val="1"/><w:numFmt w:val="bullet"/><w:lvlText w:val=""/><w:lvlJc w:val="left"/><w:pPr><w:ind w:left="7560" w:hanging="360"/></w:pPr><w:rPr><w:rFonts w:ascii="Wingdings" w:hAnsi="Wingdings" w:hint="default"/></w:rPr></w:lvl></w:abstractNum><w:abstractNum w:abstractNumId="12" w15:restartNumberingAfterBreak="0"><w:nsid w:val="594A3028"/><w:multiLevelType w:val="multilevel"/><w:tmpl w:val="6258447C"/><w:lvl w:ilvl="0"><w:start w:val="1"/><w:numFmt w:val="decimal"/><w:lvlText w:val="%1."/><w:lvlJc w:val="left"/><w:pPr><w:ind w:left="360" w:hanging="360"/></w:pPr></w:lvl><w:lvl w:ilvl="1"><w:start w:val="1"/><w:numFmt w:val="decimal"/><w:lvlText w:val="%1.%2."/><w:lvlJc w:val="left"/><w:pPr><w:ind w:left="792" w:hanging="432"/></w:pPr></w:lvl><w:lvl w:ilvl="2"><w:start w:val="1"/><w:numFmt w:val="decimal"/><w:lvlText w:val="%1.%2.%3."/><w:lvlJc w:val="left"/><w:pPr><w:ind w:left="1224" w:hanging="504"/></w:pPr></w:lvl><w:lvl w:ilvl="3"><w:start w:val="1"/><w:numFmt w:val="decimal"/><w:lvlText w:val="%1.%2.%3.%4."/><w:lvlJc w:val="left"/><w:pPr><w:ind w:left="1728" w:hanging="648"/></w:pPr></w:lvl><w:lvl w:ilvl="4"><w:start w:val="1"/><w:numFmt w:val="decimal"/><w:lvlText w:val="%1.%2.%3.%4.%5."/><w:lvlJc w:val="left"/><w:pPr><w:ind w:left="2232" w:hanging="792"/></w:pPr></w:lvl><w:lvl w:ilvl="5"><w:start w:val="1"/><w:numFmt w:val="decimal"/><w:lvlText w:val="%1.%2.%3.%4.%5.%6."/><w:lvlJc w:val="left"/><w:pPr><w:ind w:left="2736" w:hanging="936"/></w:pPr></w:lvl><w:lvl w:ilvl="6"><w:start w:val="1"/><w:numFmt w:val="decimal"/><w:lvlText w:val="%1.%2.%3.%4.%5.%6.%7."/><w:lvlJc w:val="left"/><w:pPr><w:ind w:left="3240" w:hanging="1080"/></w:pPr></w:lvl><w:lvl w:ilvl="7"><w:start w:val="1"/><w:numFmt w:val="decimal"/><w:lvlText w:val="%1.%2.%3.%4.%5.%6.%7.%8."/><w:lvlJc w:val="left"/><w:pPr><w:ind w:left="3744" w:hanging="1224"/></w:pPr></w:lvl><w:lvl w:ilvl="8"><w:start w:val="1"/><w:numFmt w:val="decimal"/><w:lvlText w:val="%1.%2.%3.%4.%5.%6.%7.%8.%9."/><w:lvlJc w:val="left"/><w:pPr><w:ind w:left="4320" w:hanging="1440"/></w:pPr></w:lvl></w:abstractNum><w:abstractNum w:abstractNumId="13" w15:restartNumberingAfterBreak="0"><w:nsid w:val="5B0B0C13"/><w:multiLevelType w:val="hybridMultilevel"/><w:tmpl w:val="211EF948"/><w:lvl w:ilvl="0" w:tplc="EE4092BC"><w:start w:val="1"/><w:numFmt w:val="bullet"/><w:pStyle w:val="Bullet-Level2A"/><w:lvlText w:val=""/><w:lvlJc w:val="left"/><w:pPr><w:ind w:left="720" w:hanging="360"/></w:pPr><w:rPr><w:rFonts w:ascii="Symbol" w:hAnsi="Symbol" w:hint="default"/></w:rPr></w:lvl><w:lvl w:ilvl="1" w:tplc="04090003" w:tentative="1"><w:start w:val="1"/><w:numFmt w:val="bullet"/><w:lvlText w:val="o"/><w:lvlJc w:val="left"/><w:pPr><w:ind w:left="1440" w:hanging="360"/></w:pPr><w:rPr><w:rFonts w:ascii="Courier New" w:hAnsi="Courier New" w:cs="Courier New" w:hint="default"/></w:rPr></w:lvl><w:lvl w:ilvl="2" w:tplc="04090005" w:tentative="1"><w:start w:val="1"/><w:numFmt w:val="bullet"/><w:lvlText w:val=""/><w:lvlJc w:val="left"/><w:pPr><w:ind w:left="2160" w:hanging="360"/></w:pPr><w:rPr><w:rFonts w:ascii="Wingdings" w:hAnsi="Wingdings" w:hint="default"/></w:rPr></w:lvl><w:lvl w:ilvl="3" w:tplc="04090001" w:tentative="1"><w:start w:val="1"/><w:numFmt w:val="bullet"/><w:lvlText w:val=""/><w:lvlJc w:val="left"/><w:pPr><w:ind w:left="2880" w:hanging="360"/></w:pPr><w:rPr><w:rFonts w:ascii="Symbol" w:hAnsi="Symbol" w:hint="default"/></w:rPr></w:lvl><w:lvl w:ilvl="4" w:tplc="04090003" w:tentative="1"><w:start w:val="1"/><w:numFmt w:val="bullet"/><w:lvlText w:val="o"/><w:lvlJc w:val="left"/><w:pPr><w:ind w:left="3600" w:hanging="360"/></w:pPr><w:rPr><w:rFonts w:ascii="Courier New" w:hAnsi="Courier New" w:cs="Courier New" w:hint="default"/></w:rPr></w:lvl><w:lvl w:ilvl="5" w:tplc="04090005" w:tentative="1"><w:start w:val="1"/><w:numFmt w:val="bullet"/><w:lvlText w:val=""/><w:lvlJc w:val="left"/><w:pPr><w:ind w:left="4320" w:hanging="360"/></w:pPr><w:rPr><w:rFonts w:ascii="Wingdings" w:hAnsi="Wingdings" w:hint="default"/></w:rPr></w:lvl><w:lvl w:ilvl="6" w:tplc="04090001" w:tentative="1"><w:start w:val="1"/><w:numFmt w:val="bullet"/><w:lvlText w:val=""/><w:lvlJc w:val="left"/><w:pPr><w:ind w:left="5040" w:hanging="360"/></w:pPr><w:rPr><w:rFonts w:ascii="Symbol" w:hAnsi="Symbol" w:hint="default"/></w:rPr></w:lvl><w:lvl w:ilvl="7" w:tplc="04090003" w:tentative="1"><w:start w:val="1"/><w:numFmt w:val="bullet"/><w:lvlText w:val="o"/><w:lvlJc w:val="left"/><w:pPr><w:ind w:left="5760" w:hanging="360"/></w:pPr><w:rPr><w:rFonts w:ascii="Courier New" w:hAnsi="Courier New" w:cs="Courier New" w:hint="default"/></w:rPr></w:lvl><w:lvl w:ilvl="8" w:tplc="04090005" w:tentative="1"><w:start w:val="1"/><w:numFmt w:val="bullet"/><w:lvlText w:val=""/><w:lvlJc w:val="left"/><w:pPr><w:ind w:left="6480" w:hanging="360"/></w:pPr><w:rPr><w:rFonts w:ascii="Wingdings" w:hAnsi="Wingdings" w:hint="default"/></w:rPr></w:lvl></w:abstractNum><w:abstractNum w:abstractNumId="14" w15:restartNumberingAfterBreak="0"><w:nsid w:val="5EB04B91"/><w:multiLevelType w:val="hybridMultilevel"/><w:tmpl w:val="808AD2DE"/><w:lvl w:ilvl="0" w:tplc="288CEC98"><w:start w:val="1"/><w:numFmt w:val="bullet"/><w:pStyle w:val="Bullet-Level3A"/><w:lvlText w:val="o"/><w:lvlJc w:val="left"/><w:pPr><w:ind w:left="720" w:hanging="360"/></w:pPr><w:rPr><w:rFonts w:ascii="Courier New" w:hAnsi="Courier New" w:cs="Courier New" w:hint="default"/></w:rPr></w:lvl><w:lvl w:ilvl="1" w:tplc="04090003" w:tentative="1"><w:start w:val="1"/><w:numFmt w:val="bullet"/><w:lvlText w:val="o"/><w:lvlJc w:val="left"/><w:pPr><w:ind w:left="1440" w:hanging="360"/></w:pPr><w:rPr><w:rFonts w:ascii="Courier New" w:hAnsi="Courier New" w:cs="Courier New" w:hint="default"/></w:rPr></w:lvl><w:lvl w:ilvl="2" w:tplc="04090005" w:tentative="1"><w:start w:val="1"/><w:numFmt w:val="bullet"/><w:lvlText w:val=""/><w:lvlJc w:val="left"/><w:pPr><w:ind w:left="2160" w:hanging="360"/></w:pPr><w:rPr><w:rFonts w:ascii="Wingdings" w:hAnsi="Wingdings" w:hint="default"/></w:rPr></w:lvl><w:lvl w:ilvl="3" w:tplc="04090001" w:tentative="1"><w:start w:val="1"/><w:numFmt w:val="bullet"/><w:lvlText w:val=""/><w:lvlJc w:val="left"/><w:pPr><w:ind w:left="2880" w:hanging="360"/></w:pPr><w:rPr><w:rFonts w:ascii="Symbol" w:hAnsi="Symbol" w:hint="default"/></w:rPr></w:lvl><w:lvl w:ilvl="4" w:tplc="04090003" w:tentative="1"><w:start w:val="1"/><w:numFmt w:val="bullet"/><w:lvlText w:val="o"/><w:lvlJc w:val="left"/><w:pPr><w:ind w:left="3600" w:hanging="360"/></w:pPr><w:rPr><w:rFonts w:ascii="Courier New" w:hAnsi="Courier New" w:cs="Courier New" w:hint="default"/></w:rPr></w:lvl><w:lvl w:ilvl="5" w:tplc="04090005" w:tentative="1"><w:start w:val="1"/><w:numFmt w:val="bullet"/><w:lvlText w:val=""/><w:lvlJc w:val="left"/><w:pPr><w:ind w:left="4320" w:hanging="360"/></w:pPr><w:rPr><w:rFonts w:ascii="Wingdings" w:hAnsi="Wingdings" w:hint="default"/></w:rPr></w:lvl><w:lvl w:ilvl="6" w:tplc="04090001" w:tentative="1"><w:start w:val="1"/><w:numFmt w:val="bullet"/><w:lvlText w:val=""/><w:lvlJc w:val="left"/><w:pPr><w:ind w:left="5040" w:hanging="360"/></w:pPr><w:rPr><w:rFonts w:ascii="Symbol" w:hAnsi="Symbol" w:hint="default"/></w:rPr></w:lvl><w:lvl w:ilvl="7" w:tplc="04090003" w:tentative="1"><w:start w:val="1"/><w:numFmt w:val="bullet"/><w:lvlText w:val="o"/><w:lvlJc w:val="left"/><w:pPr><w:ind w:left="5760" w:hanging="360"/></w:pPr><w:rPr><w:rFonts w:ascii="Courier New" w:hAnsi="Courier New" w:cs="Courier New" w:hint="default"/></w:rPr></w:lvl><w:lvl w:ilvl="8" w:tplc="04090005" w:tentative="1"><w:start w:val="1"/><w:numFmt w:val="bullet"/><w:lvlText w:val=""/><w:lvlJc w:val="left"/><w:pPr><w:ind w:left="6480" w:hanging="360"/></w:pPr><w:rPr><w:rFonts w:ascii="Wingdings" w:hAnsi="Wingdings" w:hint="default"/></w:rPr></w:lvl></w:abstractNum><w:abstractNum w:abstractNumId="15" w15:restartNumberingAfterBreak="0"><w:nsid w:val="62483EB7"/><w:multiLevelType w:val="hybridMultilevel"/><w:tmpl w:val="119860EA"/><w:lvl w:ilvl="0" w:tplc="8A20673E"><w:start w:val="1"/><w:numFmt w:val="bullet"/><w:pStyle w:val="BulletHeader-Level2"/><w:lvlText w:val=""/><w:lvlJc w:val="left"/><w:pPr><w:ind w:left="720" w:hanging="360"/></w:pPr><w:rPr><w:rFonts w:ascii="Symbol" w:hAnsi="Symbol" w:hint="default"/></w:rPr></w:lvl><w:lvl w:ilvl="1" w:tplc="04090003" w:tentative="1"><w:start w:val="1"/><w:numFmt w:val="bullet"/><w:lvlText w:val="o"/><w:lvlJc w:val="left"/><w:pPr><w:ind w:left="1440" w:hanging="360"/></w:pPr><w:rPr><w:rFonts w:ascii="Courier New" w:hAnsi="Courier New" w:cs="Courier New" w:hint="default"/></w:rPr></w:lvl><w:lvl w:ilvl="2" w:tplc="04090005" w:tentative="1"><w:start w:val="1"/><w:numFmt w:val="bullet"/><w:lvlText w:val=""/><w:lvlJc w:val="left"/><w:pPr><w:ind w:left="2160" w:hanging="360"/></w:pPr><w:rPr><w:rFonts w:ascii="Wingdings" w:hAnsi="Wingdings" w:hint="default"/></w:rPr></w:lvl><w:lvl w:ilvl="3" w:tplc="04090001" w:tentative="1"><w:start w:val="1"/><w:numFmt w:val="bullet"/><w:lvlText w:val=""/><w:lvlJc w:val="left"/><w:pPr><w:ind w:left="2880" w:hanging="360"/></w:pPr><w:rPr><w:rFonts w:ascii="Symbol" w:hAnsi="Symbol" w:hint="default"/></w:rPr></w:lvl><w:lvl w:ilvl="4" w:tplc="04090003" w:tentative="1"><w:start w:val="1"/><w:numFmt w:val="bullet"/><w:lvlText w:val="o"/><w:lvlJc w:val="left"/><w:pPr><w:ind w:left="3600" w:hanging="360"/></w:pPr><w:rPr><w:rFonts w:ascii="Courier New" w:hAnsi="Courier New" w:cs="Courier New" w:hint="default"/></w:rPr></w:lvl><w:lvl w:ilvl="5" w:tplc="04090005" w:tentative="1"><w:start w:val="1"/><w:numFmt w:val="bullet"/><w:lvlText w:val=""/><w:lvlJc w:val="left"/><w:pPr><w:ind w:left="4320" w:hanging="360"/></w:pPr><w:rPr><w:rFonts w:ascii="Wingdings" w:hAnsi="Wingdings" w:hint="default"/></w:rPr></w:lvl><w:lvl w:ilvl="6" w:tplc="04090001" w:tentative="1"><w:start w:val="1"/><w:numFmt w:val="bullet"/><w:lvlText w:val=""/><w:lvlJc w:val="left"/><w:pPr><w:ind w:left="5040" w:hanging="360"/></w:pPr><w:rPr><w:rFonts w:ascii="Symbol" w:hAnsi="Symbol" w:hint="default"/></w:rPr></w:lvl><w:lvl w:ilvl="7" w:tplc="04090003" w:tentative="1"><w:start w:val="1"/><w:numFmt w:val="bullet"/><w:lvlText w:val="o"/><w:lvlJc w:val="left"/><w:pPr><w:ind w:left="5760" w:hanging="360"/></w:pPr><w:rPr><w:rFonts w:ascii="Courier New" w:hAnsi="Courier New" w:cs="Courier New" w:hint="default"/></w:rPr></w:lvl><w:lvl w:ilvl="8" w:tplc="04090005" w:tentative="1"><w:start w:val="1"/><w:numFmt w:val="bullet"/><w:lvlText w:val=""/><w:lvlJc w:val="left"/><w:pPr><w:ind w:left="6480" w:hanging="360"/></w:pPr><w:rPr><w:rFonts w:ascii="Wingdings" w:hAnsi="Wingdings" w:hint="default"/></w:rPr></w:lvl></w:abstractNum><w:abstractNum w:abstractNumId="16" w15:restartNumberingAfterBreak="0"><w:nsid w:val="624E16C8"/><w:multiLevelType w:val="hybridMultilevel"/><w:tmpl w:val="5AA0FFE2"/><w:lvl w:ilvl="0" w:tplc="4DFE633E"><w:start w:val="1"/><w:numFmt w:val="bullet"/><w:pStyle w:val="Bullet-Level1"/><w:lvlText w:val=""/><w:lvlJc w:val="left"/><w:pPr><w:ind w:left="720" w:hanging="360"/></w:pPr><w:rPr><w:rFonts w:ascii="Symbol" w:hAnsi="Symbol" w:hint="default"/></w:rPr></w:lvl><w:lvl w:ilvl="1" w:tplc="04090003" w:tentative="1"><w:start w:val="1"/><w:numFmt w:val="bullet"/><w:lvlText w:val="o"/><w:lvlJc w:val="left"/><w:pPr><w:ind w:left="1440" w:hanging="360"/></w:pPr><w:rPr><w:rFonts w:ascii="Courier New" w:hAnsi="Courier New" w:cs="Courier New" w:hint="default"/></w:rPr></w:lvl><w:lvl w:ilvl="2" w:tplc="04090005" w:tentative="1"><w:start w:val="1"/><w:numFmt w:val="bullet"/><w:lvlText w:val=""/><w:lvlJc w:val="left"/><w:pPr><w:ind w:left="2160" w:hanging="360"/></w:pPr><w:rPr><w:rFonts w:ascii="Wingdings" w:hAnsi="Wingdings" w:hint="default"/></w:rPr></w:lvl><w:lvl w:ilvl="3" w:tplc="04090001" w:tentative="1"><w:start w:val="1"/><w:numFmt w:val="bullet"/><w:lvlText w:val=""/><w:lvlJc w:val="left"/><w:pPr><w:ind w:left="2880" w:hanging="360"/></w:pPr><w:rPr><w:rFonts w:ascii="Symbol" w:hAnsi="Symbol" w:hint="default"/></w:rPr></w:lvl><w:lvl w:ilvl="4" w:tplc="04090003" w:tentative="1"><w:start w:val="1"/><w:numFmt w:val="bullet"/><w:lvlText w:val="o"/><w:lvlJc w:val="left"/><w:pPr><w:ind w:left="3600" w:hanging="360"/></w:pPr><w:rPr><w:rFonts w:ascii="Courier New" w:hAnsi="Courier New" w:cs="Courier New" w:hint="default"/></w:rPr></w:lvl><w:lvl w:ilvl="5" w:tplc="04090005" w:tentative="1"><w:start w:val="1"/><w:numFmt w:val="bullet"/><w:lvlText w:val=""/><w:lvlJc w:val="left"/><w:pPr><w:ind w:left="4320" w:hanging="360"/></w:pPr><w:rPr><w:rFonts w:ascii="Wingdings" w:hAnsi="Wingdings" w:hint="default"/></w:rPr></w:lvl><w:lvl w:ilvl="6" w:tplc="04090001" w:tentative="1"><w:start w:val="1"/><w:numFmt w:val="bullet"/><w:lvlText w:val=""/><w:lvlJc w:val="left"/><w:pPr><w:ind w:left="5040" w:hanging="360"/></w:pPr><w:rPr><w:rFonts w:ascii="Symbol" w:hAnsi="Symbol" w:hint="default"/></w:rPr></w:lvl><w:lvl w:ilvl="7" w:tplc="04090003" w:tentative="1"><w:start w:val="1"/><w:numFmt w:val="bullet"/><w:lvlText w:val="o"/><w:lvlJc w:val="left"/><w:pPr><w:ind w:left="5760" w:hanging="360"/></w:pPr><w:rPr><w:rFonts w:ascii="Courier New" w:hAnsi="Courier New" w:cs="Courier New" w:hint="default"/></w:rPr></w:lvl><w:lvl w:ilvl="8" w:tplc="04090005" w:tentative="1"><w:start w:val="1"/><w:numFmt w:val="bullet"/><w:lvlText w:val=""/><w:lvlJc w:val="left"/><w:pPr><w:ind w:left="6480" w:hanging="360"/></w:pPr><w:rPr><w:rFonts w:ascii="Wingdings" w:hAnsi="Wingdings" w:hint="default"/></w:rPr></w:lvl></w:abstractNum><w:abstractNum w:abstractNumId="17" w15:restartNumberingAfterBreak="0"><w:nsid w:val="62D97CF5"/><w:multiLevelType w:val="multilevel"/><w:tmpl w:val="7B804154"/><w:lvl w:ilvl="0"><w:start w:val="1"/><w:numFmt w:val="decimal"/><w:lvlText w:val="%1."/><w:lvlJc w:val="left"/><w:pPr><w:ind w:left="360" w:hanging="360"/></w:pPr></w:lvl><w:lvl w:ilvl="1"><w:start w:val="1"/><w:numFmt w:val="decimal"/><w:lvlText w:val="%1.%2."/><w:lvlJc w:val="left"/><w:pPr><w:ind w:left="792" w:hanging="432"/></w:pPr></w:lvl><w:lvl w:ilvl="2"><w:start w:val="1"/><w:numFmt w:val="decimal"/><w:lvlText w:val="%1.%2.%3."/><w:lvlJc w:val="left"/><w:pPr><w:ind w:left="1224" w:hanging="504"/></w:pPr></w:lvl><w:lvl w:ilvl="3"><w:start w:val="1"/><w:numFmt w:val="decimal"/><w:lvlText w:val="%1.%2.%3.%4."/><w:lvlJc w:val="left"/><w:pPr><w:ind w:left="1728" w:hanging="648"/></w:pPr></w:lvl><w:lvl w:ilvl="4"><w:start w:val="1"/><w:numFmt w:val="decimal"/><w:lvlText w:val="%1.%2.%3.%4.%5."/><w:lvlJc w:val="left"/><w:pPr><w:ind w:left="2232" w:hanging="792"/></w:pPr></w:lvl><w:lvl w:ilvl="5"><w:start w:val="1"/><w:numFmt w:val="decimal"/><w:lvlText w:val="%1.%2.%3.%4.%5.%6."/><w:lvlJc w:val="left"/><w:pPr><w:ind w:left="2736" w:hanging="936"/></w:pPr></w:lvl><w:lvl w:ilvl="6"><w:start w:val="1"/><w:numFmt w:val="decimal"/><w:lvlText w:val="%1.%2.%3.%4.%5.%6.%7."/><w:lvlJc w:val="left"/><w:pPr><w:ind w:left="3240" w:hanging="1080"/></w:pPr></w:lvl><w:lvl w:ilvl="7"><w:start w:val="1"/><w:numFmt w:val="decimal"/><w:lvlText w:val="%1.%2.%3.%4.%5.%6.%7.%8."/><w:lvlJc w:val="left"/><w:pPr><w:ind w:left="3744" w:hanging="1224"/></w:pPr></w:lvl><w:lvl w:ilvl="8"><w:start w:val="1"/><w:numFmt w:val="decimal"/><w:lvlText w:val="%1.%2.%3.%4.%5.%6.%7.%8.%9."/><w:lvlJc w:val="left"/><w:pPr><w:ind w:left="4320" w:hanging="1440"/></w:pPr></w:lvl></w:abstractNum><w:abstractNum w:abstractNumId="18" w15:restartNumberingAfterBreak="0"><w:nsid w:val="63975837"/><w:multiLevelType w:val="hybridMultilevel"/><w:tmpl w:val="DE6EBFA0"/><w:lvl w:ilvl="0" w:tplc="0346D7D4"><w:start w:val="1"/><w:numFmt w:val="bullet"/><w:pStyle w:val="TableBullet11-Level0"/><w:lvlText w:val=""/><w:lvlJc w:val="left"/><w:pPr><w:ind w:left="720" w:hanging="360"/></w:pPr><w:rPr><w:rFonts w:ascii="Wingdings" w:hAnsi="Wingdings" w:hint="default"/><w:color w:val="auto"/></w:rPr></w:lvl><w:lvl w:ilvl="1" w:tplc="04090003" w:tentative="1"><w:start w:val="1"/><w:numFmt w:val="bullet"/><w:lvlText w:val="o"/><w:lvlJc w:val="left"/><w:pPr><w:ind w:left="1440" w:hanging="360"/></w:pPr><w:rPr><w:rFonts w:ascii="Courier New" w:hAnsi="Courier New" w:cs="Courier New" w:hint="default"/></w:rPr></w:lvl><w:lvl w:ilvl="2" w:tplc="04090005" w:tentative="1"><w:start w:val="1"/><w:numFmt w:val="bullet"/><w:lvlText w:val=""/><w:lvlJc w:val="left"/><w:pPr><w:ind w:left="2160" w:hanging="360"/></w:pPr><w:rPr><w:rFonts w:ascii="Wingdings" w:hAnsi="Wingdings" w:hint="default"/></w:rPr></w:lvl><w:lvl w:ilvl="3" w:tplc="04090001" w:tentative="1"><w:start w:val="1"/><w:numFmt w:val="bullet"/><w:lvlText w:val=""/><w:lvlJc w:val="left"/><w:pPr><w:ind w:left="2880" w:hanging="360"/></w:pPr><w:rPr><w:rFonts w:ascii="Symbol" w:hAnsi="Symbol" w:hint="default"/></w:rPr></w:lvl><w:lvl w:ilvl="4" w:tplc="04090003" w:tentative="1"><w:start w:val="1"/><w:numFmt w:val="bullet"/><w:lvlText w:val="o"/><w:lvlJc w:val="left"/><w:pPr><w:ind w:left="3600" w:hanging="360"/></w:pPr><w:rPr><w:rFonts w:ascii="Courier New" w:hAnsi="Courier New" w:cs="Courier New" w:hint="default"/></w:rPr></w:lvl><w:lvl w:ilvl="5" w:tplc="04090005" w:tentative="1"><w:start w:val="1"/><w:numFmt w:val="bullet"/><w:lvlText w:val=""/><w:lvlJc w:val="left"/><w:pPr><w:ind w:left="4320" w:hanging="360"/></w:pPr><w:rPr><w:rFonts w:ascii="Wingdings" w:hAnsi="Wingdings" w:hint="default"/></w:rPr></w:lvl><w:lvl w:ilvl="6" w:tplc="04090001" w:tentative="1"><w:start w:val="1"/><w:numFmt w:val="bullet"/><w:lvlText w:val=""/><w:lvlJc w:val="left"/><w:pPr><w:ind w:left="5040" w:hanging="360"/></w:pPr><w:rPr><w:rFonts w:ascii="Symbol" w:hAnsi="Symbol" w:hint="default"/></w:rPr></w:lvl><w:lvl w:ilvl="7" w:tplc="04090003" w:tentative="1"><w:start w:val="1"/><w:numFmt w:val="bullet"/><w:lvlText w:val="o"/><w:lvlJc w:val="left"/><w:pPr><w:ind w:left="5760" w:hanging="360"/></w:pPr><w:rPr><w:rFonts w:ascii="Courier New" w:hAnsi="Courier New" w:cs="Courier New" w:hint="default"/></w:rPr></w:lvl><w:lvl w:ilvl="8" w:tplc="04090005" w:tentative="1"><w:start w:val="1"/><w:numFmt w:val="bullet"/><w:lvlText w:val=""/><w:lvlJc w:val="left"/><w:pPr><w:ind w:left="6480" w:hanging="360"/></w:pPr><w:rPr><w:rFonts w:ascii="Wingdings" w:hAnsi="Wingdings" w:hint="default"/></w:rPr></w:lvl></w:abstractNum><w:abstractNum w:abstractNumId="19" w15:restartNumberingAfterBreak="0"><w:nsid w:val="67C42841"/><w:multiLevelType w:val="hybridMultilevel"/><w:tmpl w:val="83700484"/><w:lvl w:ilvl="0" w:tplc="A7ACFDE4"><w:start w:val="1"/><w:numFmt w:val="bullet"/><w:lvlText w:val=""/><w:lvlJc w:val="left"/><w:pPr><w:ind w:left="720" w:hanging="360"/></w:pPr><w:rPr><w:rFonts w:ascii="Symbol" w:hAnsi="Symbol" w:hint="default"/></w:rPr></w:lvl><w:lvl w:ilvl="1" w:tplc="04090003"><w:start w:val="1"/><w:numFmt w:val="bullet"/><w:lvlText w:val="o"/><w:lvlJc w:val="left"/><w:pPr><w:ind w:left="1440" w:hanging="360"/></w:pPr><w:rPr><w:rFonts w:ascii="Courier New" w:hAnsi="Courier New" w:cs="Courier New" w:hint="default"/></w:rPr></w:lvl><w:lvl w:ilvl="2" w:tplc="04090005" w:tentative="1"><w:start w:val="1"/><w:numFmt w:val="bullet"/><w:lvlText w:val=""/><w:lvlJc w:val="left"/><w:pPr><w:ind w:left="2160" w:hanging="360"/></w:pPr><w:rPr><w:rFonts w:ascii="Wingdings" w:hAnsi="Wingdings" w:hint="default"/></w:rPr></w:lvl><w:lvl w:ilvl="3" w:tplc="04090001" w:tentative="1"><w:start w:val="1"/><w:numFmt w:val="bullet"/><w:lvlText w:val=""/><w:lvlJc w:val="left"/><w:pPr><w:ind w:left="2880" w:hanging="360"/></w:pPr><w:rPr><w:rFonts w:ascii="Symbol" w:hAnsi="Symbol" w:hint="default"/></w:rPr></w:lvl><w:lvl w:ilvl="4" w:tplc="04090003" w:tentative="1"><w:start w:val="1"/><w:numFmt w:val="bullet"/><w:lvlText w:val="o"/><w:lvlJc w:val="left"/><w:pPr><w:ind w:left="3600" w:hanging="360"/></w:pPr><w:rPr><w:rFonts w:ascii="Courier New" w:hAnsi="Courier New" w:cs="Courier New" w:hint="default"/></w:rPr></w:lvl><w:lvl w:ilvl="5" w:tplc="04090005" w:tentative="1"><w:start w:val="1"/><w:numFmt w:val="bullet"/><w:lvlText w:val=""/><w:lvlJc w:val="left"/><w:pPr><w:ind w:left="4320" w:hanging="360"/></w:pPr><w:rPr><w:rFonts w:ascii="Wingdings" w:hAnsi="Wingdings" w:hint="default"/></w:rPr></w:lvl><w:lvl w:ilvl="6" w:tplc="04090001" w:tentative="1"><w:start w:val="1"/><w:numFmt w:val="bullet"/><w:lvlText w:val=""/><w:lvlJc w:val="left"/><w:pPr><w:ind w:left="5040" w:hanging="360"/></w:pPr><w:rPr><w:rFonts w:ascii="Symbol" w:hAnsi="Symbol" w:hint="default"/></w:rPr></w:lvl><w:lvl w:ilvl="7" w:tplc="04090003" w:tentative="1"><w:start w:val="1"/><w:numFmt w:val="bullet"/><w:lvlText w:val="o"/><w:lvlJc w:val="left"/><w:pPr><w:ind w:left="5760" w:hanging="360"/></w:pPr><w:rPr><w:rFonts w:ascii="Courier New" w:hAnsi="Courier New" w:cs="Courier New" w:hint="default"/></w:rPr></w:lvl><w:lvl w:ilvl="8" w:tplc="04090005" w:tentative="1"><w:start w:val="1"/><w:numFmt w:val="bullet"/><w:lvlText w:val=""/><w:lvlJc w:val="left"/><w:pPr><w:ind w:left="6480" w:hanging="360"/></w:pPr><w:rPr><w:rFonts w:ascii="Wingdings" w:hAnsi="Wingdings" w:hint="default"/></w:rPr></w:lvl></w:abstractNum><w:abstractNum w:abstractNumId="20" w15:restartNumberingAfterBreak="0"><w:nsid w:val="6BA204CB"/><w:multiLevelType w:val="multilevel"/><w:tmpl w:val="A4EC5CF4"/><w:lvl w:ilvl="0"><w:start w:val="1"/><w:numFmt w:val="decimal"/><w:lvlText w:val="%1"/><w:lvlJc w:val="left"/><w:pPr><w:ind w:left="432" w:hanging="432"/></w:pPr><w:rPr><w:rFonts w:hint="default"/><w:b/><w:i w:val="0"/><w:sz w:val="24"/></w:rPr></w:lvl><w:lvl w:ilvl="1"><w:start w:val="1"/><w:numFmt w:val="decimal"/><w:lvlText w:val="%1.%2"/><w:lvlJc w:val="left"/><w:pPr><w:ind w:left="576" w:hanging="576"/></w:pPr><w:rPr><w:rFonts w:hint="default"/></w:rPr></w:lvl><w:lvl w:ilvl="2"><w:start w:val="1"/><w:numFmt w:val="decimal"/><w:lvlText w:val="%1.%2.%3"/><w:lvlJc w:val="left"/><w:pPr><w:ind w:left="720" w:hanging="720"/></w:pPr><w:rPr><w:rFonts w:hint="default"/></w:rPr></w:lvl><w:lvl w:ilvl="3"><w:start w:val="1"/><w:numFmt w:val="decimal"/><w:lvlText w:val="%1.%2.%3.%4"/><w:lvlJc w:val="left"/><w:pPr><w:ind w:left="864" w:hanging="864"/></w:pPr><w:rPr><w:rFonts w:hint="default"/></w:rPr></w:lvl><w:lvl w:ilvl="4"><w:start w:val="1"/><w:numFmt w:val="decimal"/><w:lvlText w:val="%1.%2.%3.%4.%5"/><w:lvlJc w:val="left"/><w:pPr><w:ind w:left="1008" w:hanging="1008"/></w:pPr><w:rPr><w:rFonts w:hint="default"/></w:rPr></w:lvl><w:lvl w:ilvl="5"><w:start w:val="1"/><w:numFmt w:val="decimal"/><w:lvlText w:val="%1.%2.%3.%4.%5.%6"/><w:lvlJc w:val="left"/><w:pPr><w:ind w:left="1152" w:hanging="1152"/></w:pPr><w:rPr><w:rFonts w:hint="default"/></w:rPr></w:lvl><w:lvl w:ilvl="6"><w:start w:val="1"/><w:numFmt w:val="decimal"/><w:lvlText w:val="%1.%2.%3.%4.%5.%6.%7"/><w:lvlJc w:val="left"/><w:pPr><w:ind w:left="1296" w:hanging="1296"/></w:pPr><w:rPr><w:rFonts w:hint="default"/></w:rPr></w:lvl><w:lvl w:ilvl="7"><w:start w:val="1"/><w:numFmt w:val="decimal"/><w:lvlText w:val="%1.%2.%3.%4.%5.%6.%7.%8"/><w:lvlJc w:val="left"/><w:pPr><w:ind w:left="1440" w:hanging="1440"/></w:pPr><w:rPr><w:rFonts w:hint="default"/></w:rPr></w:lvl><w:lvl w:ilvl="8"><w:start w:val="1"/><w:numFmt w:val="decimal"/><w:lvlText w:val="%1.%2.%3.%4.%5.%6.%7.%8.%9"/><w:lvlJc w:val="left"/><w:pPr><w:ind w:left="1584" w:hanging="1584"/></w:pPr><w:rPr><w:rFonts w:hint="default"/></w:rPr></w:lvl></w:abstractNum><w:abstractNum w:abstractNumId="21" w15:restartNumberingAfterBreak="0"><w:nsid w:val="7D8E04A0"/><w:multiLevelType w:val="hybridMultilevel"/><w:tmpl w:val="F4C84BE8"/><w:lvl w:ilvl="0" w:tplc="93F232D4"><w:start w:val="1"/><w:numFmt w:val="bullet"/><w:pStyle w:val="TableBullet11-Level2"/><w:lvlText w:val="o"/><w:lvlJc w:val="left"/><w:pPr><w:ind w:left="1080" w:hanging="360"/></w:pPr><w:rPr><w:rFonts w:ascii="Courier New" w:hAnsi="Courier New" w:cs="Courier New" w:hint="default"/></w:rPr></w:lvl><w:lvl w:ilvl="1" w:tplc="04090003" w:tentative="1"><w:start w:val="1"/><w:numFmt w:val="bullet"/><w:lvlText w:val="o"/><w:lvlJc w:val="left"/><w:pPr><w:ind w:left="1800" w:hanging="360"/></w:pPr><w:rPr><w:rFonts w:ascii="Courier New" w:hAnsi="Courier New" w:cs="Courier New" w:hint="default"/></w:rPr></w:lvl><w:lvl w:ilvl="2" w:tplc="04090005" w:tentative="1"><w:start w:val="1"/><w:numFmt w:val="bullet"/><w:lvlText w:val=""/><w:lvlJc w:val="left"/><w:pPr><w:ind w:left="2520" w:hanging="360"/></w:pPr><w:rPr><w:rFonts w:ascii="Wingdings" w:hAnsi="Wingdings" w:hint="default"/></w:rPr></w:lvl><w:lvl w:ilvl="3" w:tplc="04090001" w:tentative="1"><w:start w:val="1"/><w:numFmt w:val="bullet"/><w:lvlText w:val=""/><w:lvlJc w:val="left"/><w:pPr><w:ind w:left="3240" w:hanging="360"/></w:pPr><w:rPr><w:rFonts w:ascii="Symbol" w:hAnsi="Symbol" w:hint="default"/></w:rPr></w:lvl><w:lvl w:ilvl="4" w:tplc="04090003" w:tentative="1"><w:start w:val="1"/><w:numFmt w:val="bullet"/><w:lvlText w:val="o"/><w:lvlJc w:val="left"/><w:pPr><w:ind w:left="3960" w:hanging="360"/></w:pPr><w:rPr><w:rFonts w:ascii="Courier New" w:hAnsi="Courier New" w:cs="Courier New" w:hint="default"/></w:rPr></w:lvl><w:lvl w:ilvl="5" w:tplc="04090005" w:tentative="1"><w:start w:val="1"/><w:numFmt w:val="bullet"/><w:lvlText w:val=""/><w:lvlJc w:val="left"/><w:pPr><w:ind w:left="4680" w:hanging="360"/></w:pPr><w:rPr><w:rFonts w:ascii="Wingdings" w:hAnsi="Wingdings" w:hint="default"/></w:rPr></w:lvl><w:lvl w:ilvl="6" w:tplc="04090001" w:tentative="1"><w:start w:val="1"/><w:numFmt w:val="bullet"/><w:lvlText w:val=""/><w:lvlJc w:val="left"/><w:pPr><w:ind w:left="5400" w:hanging="360"/></w:pPr><w:rPr><w:rFonts w:ascii="Symbol" w:hAnsi="Symbol" w:hint="default"/></w:rPr></w:lvl><w:lvl w:ilvl="7" w:tplc="04090003" w:tentative="1"><w:start w:val="1"/><w:numFmt w:val="bullet"/><w:lvlText w:val="o"/><w:lvlJc w:val="left"/><w:pPr><w:ind w:left="6120" w:hanging="360"/></w:pPr><w:rPr><w:rFonts w:ascii="Courier New" w:hAnsi="Courier New" w:cs="Courier New" w:hint="default"/></w:rPr></w:lvl><w:lvl w:ilvl="8" w:tplc="04090005" w:tentative="1"><w:start w:val="1"/><w:numFmt w:val="bullet"/><w:lvlText w:val=""/><w:lvlJc w:val="left"/><w:pPr><w:ind w:left="6840" w:hanging="360"/></w:pPr><w:rPr><w:rFonts w:ascii="Wingdings" w:hAnsi="Wingdings" w:hint="default"/></w:rPr></w:lvl></w:abstractNum><w:num w:numId="1"><w:abstractNumId w:val="4"/></w:num><w:num w:numId="2"><w:abstractNumId w:val="4"/></w:num><w:num w:numId="3"><w:abstractNumId w:val="4"/></w:num><w:num w:numId="4"><w:abstractNumId w:val="4"/></w:num><w:num w:numId="5"><w:abstractNumId w:val="4"/></w:num><w:num w:numId="6"><w:abstractNumId w:val="4"/></w:num><w:num w:numId="7"><w:abstractNumId w:val="4"/></w:num><w:num w:numId="8"><w:abstractNumId w:val="4"/></w:num><w:num w:numId="9"><w:abstractNumId w:val="4"/></w:num><w:num w:numId="10"><w:abstractNumId w:val="4"/></w:num><w:num w:numId="11"><w:abstractNumId w:val="5"/></w:num><w:num w:numId="12"><w:abstractNumId w:val="19"/></w:num><w:num w:numId="13"><w:abstractNumId w:val="10"/></w:num><w:num w:numId="14"><w:abstractNumId w:val="6"/></w:num><w:num w:numId="15"><w:abstractNumId w:val="12"/><w:lvlOverride w:ilvl="0"><w:startOverride w:val="1"/></w:lvlOverride><w:lvlOverride w:ilvl="1"><w:startOverride w:val="1"/></w:lvlOverride><w:lvlOverride w:ilvl="2"><w:startOverride w:val="1"/></w:lvlOverride><w:lvlOverride w:ilvl="3"><w:startOverride w:val="1"/></w:lvlOverride><w:lvlOverride w:ilvl="4"><w:startOverride w:val="1"/></w:lvlOverride><w:lvlOverride w:ilvl="5"><w:startOverride w:val="1"/></w:lvlOverride><w:lvlOverride w:ilvl="6"><w:startOverride w:val="1"/></w:lvlOverride><w:lvlOverride w:ilvl="7"><w:startOverride w:val="1"/></w:lvlOverride><w:lvlOverride w:ilvl="8"><w:startOverride w:val="1"/></w:lvlOverride></w:num><w:num w:numId="16"><w:abstractNumId w:val="20"/></w:num><w:num w:numId="17"><w:abstractNumId w:val="21"/></w:num><w:num w:numId="18"><w:abstractNumId w:val="2"/></w:num><w:num w:numId="19"><w:abstractNumId w:val="17"/></w:num><w:num w:numId="20"><w:abstractNumId w:val="1"/></w:num><w:num w:numId="21"><w:abstractNumId w:val="1"/><w:lvlOverride w:ilvl="0"><w:startOverride w:val="1"/></w:lvlOverride><w:lvlOverride w:ilvl="1"><w:startOverride w:val="1"/></w:lvlOverride><w:lvlOverride w:ilvl="2"><w:startOverride w:val="1"/></w:lvlOverride><w:lvlOverride w:ilvl="3"><w:startOverride w:val="1"/></w:lvlOverride><w:lvlOverride w:ilvl="4"><w:startOverride w:val="1"/></w:lvlOverride><w:lvlOverride w:ilvl="5"><w:startOverride w:val="1"/></w:lvlOverride><w:lvlOverride w:ilvl="6"><w:startOverride w:val="1"/></w:lvlOverride><w:lvlOverride w:ilvl="7"><w:startOverride w:val="1"/></w:lvlOverride><w:lvlOverride w:ilvl="8"><w:startOverride w:val="1"/></w:lvlOverride></w:num><w:num w:numId="22"><w:abstractNumId w:val="1"/><w:lvlOverride w:ilvl="0"><w:startOverride w:val="1"/></w:lvlOverride><w:lvlOverride w:ilvl="1"><w:startOverride w:val="1"/></w:lvlOverride><w:lvlOverride w:ilvl="2"><w:startOverride w:val="1"/></w:lvlOverride><w:lvlOverride w:ilvl="3"><w:startOverride w:val="1"/></w:lvlOverride><w:lvlOverride w:ilvl="4"><w:startOverride w:val="1"/></w:lvlOverride><w:lvlOverride w:ilvl="5"><w:startOverride w:val="1"/></w:lvlOverride><w:lvlOverride w:ilvl="6"><w:startOverride w:val="1"/></w:lvlOverride><w:lvlOverride w:ilvl="7"><w:startOverride w:val="1"/></w:lvlOverride><w:lvlOverride w:ilvl="8"><w:startOverride w:val="1"/></w:lvlOverride></w:num><w:num w:numId="23"><w:abstractNumId w:val="9"/></w:num><w:num w:numId="24"><w:abstractNumId w:val="16"/></w:num><w:num w:numId="25"><w:abstractNumId w:val="15"/></w:num><w:num w:numId="26"><w:abstractNumId w:val="7"/></w:num><w:num w:numId="27"><w:abstractNumId w:val="11"/></w:num><w:num w:numId="28"><w:abstractNumId w:val="3"/></w:num><w:num w:numId="29"><w:abstractNumId w:val="18"/></w:num><w:num w:numId="30"><w:abstractNumId w:val="10"/></w:num><w:num w:numId="31"><w:abstractNumId w:val="10"/></w:num><w:num w:numId="32"><w:abstractNumId w:val="13"/></w:num><w:num w:numId="33"><w:abstractNumId w:val="14"/></w:num><w:num w:numId="34"><w:abstractNumId w:val="10"/></w:num><w:num w:numId="35"><w:abstractNumId w:val="1"/></w:num><w:num w:numId="36"><w:abstractNumId w:val="8"/></w:num><w:num w:numId="37"><w:abstractNumId w:val="0"/></w:num><w:num w:numId="38"><w:abstractNumId w:val="0"/></w:num></w:numbering>