<w:styles xmlns:mc="http://schemas.openxmlformats.org/markup-compatibility/2006" xmlns:r="http://schemas.openxmlformats.org/officeDocument/2006/relationships" xmlns:w="http://schemas.openxmlformats.org/wordprocessingml/2006/main" xmlns:w14="http://schemas.microsoft.com/office/word/2010/wordml" xmlns:w15="http://schemas.microsoft.com/office/word/2012/wordml" xmlns:w16cex="http://schemas.microsoft.com/office/word/2018/wordml/cex" xmlns:w16cid="http://schemas.microsoft.com/office/word/2016/wordml/cid" xmlns:w16="http://schemas.microsoft.com/office/word/2018/wordml" xmlns:w16sdtdh="http://schemas.microsoft.com/office/word/2020/wordml/sdtdatahash" xmlns:w16se="http://schemas.microsoft.com/office/word/2015/wordml/symex" mc:Ignorable="w14 w15 w16se w16cid w16 w16cex w16sdtdh">
  <w:docDefaults>
    <w:rPrDefault>
      <w:rPr>
        <w:rFonts w:asciiTheme="minorHAnsi" w:eastAsiaTheme="minorEastAsia" w:hAnsiTheme="minorHAnsi" w:cstheme="minorBidi"/>
        <w:sz w:val="21"/>
        <w:szCs w:val="21"/>
        <w:lang w:val="en-US" w:eastAsia="en-US" w:bidi="ar-SA"/>
      </w:rPr>
    </w:rPrDefault>
    <w:pPrDefault>
      <w:pPr>
        <w:spacing w:after="160" w:line="300" w:lineRule="auto"/>
      </w:pPr>
    </w:pPrDefault>
  </w:docDefaults>
  <w:latentStyles w:defLockedState="0" w:defUIPriority="99" w:defSemiHidden="0" w:defUnhideWhenUsed="0" w:defQFormat="0" w:count="376">
    <w:lsdException w:name="Normal" w:uiPriority="0" w:qFormat="1"/>
    <w:lsdException w:name="heading 1" w:uiPriority="9" w:qFormat="1"/>
    <w:lsdException w:name="heading 2" w:semiHidden="1" w:uiPriority="9" w:unhideWhenUsed="1" w:qFormat="1"/>
    <w:lsdException w:name="heading 3" w:semiHidden="1" w:uiPriority="9" w:unhideWhenUsed="1" w:qFormat="1"/>
    <w:lsdException w:name="heading 4" w:semiHidden="1" w:uiPriority="9" w:unhideWhenUsed="1" w:qFormat="1"/>
    <w:lsdException w:name="heading 5" w:semiHidden="1" w:uiPriority="9" w:unhideWhenUsed="1" w:qFormat="1"/>
    <w:lsdException w:name="heading 6" w:semiHidden="1" w:uiPriority="9" w:unhideWhenUsed="1" w:qFormat="1"/>
    <w:lsdException w:name="heading 7" w:semiHidden="1" w:uiPriority="0" w:unhideWhenUsed="1" w:qFormat="1"/>
    <w:lsdException w:name="heading 8" w:semiHidden="1" w:uiPriority="0" w:unhideWhenUsed="1" w:qFormat="1"/>
    <w:lsdException w:name="heading 9" w:semiHidden="1" w:uiPriority="0" w:unhideWhenUsed="1" w:qFormat="1"/>
    <w:lsdException w:name="index 1" w:semiHidden="1" w:unhideWhenUsed="1"/>
    <w:lsdException w:name="index 2" w:semiHidden="1" w:unhideWhenUsed="1"/>
    <w:lsdException w:name="index 3" w:semiHidden="1" w:unhideWhenUsed="1"/>
    <w:lsdException w:name="index 4" w:semiHidden="1" w:unhideWhenUsed="1"/>
    <w:lsdException w:name="index 5" w:semiHidden="1" w:unhideWhenUsed="1"/>
    <w:lsdException w:name="index 6" w:semiHidden="1" w:unhideWhenUsed="1"/>
    <w:lsdException w:name="index 7" w:semiHidden="1" w:unhideWhenUsed="1"/>
    <w:lsdException w:name="index 8" w:semiHidden="1" w:unhideWhenUsed="1"/>
    <w:lsdException w:name="index 9" w:semiHidden="1" w:unhideWhenUsed="1"/>
    <w:lsdException w:name="toc 1" w:semiHidden="1" w:uiPriority="39" w:unhideWhenUsed="1"/>
    <w:lsdException w:name="toc 2" w:semiHidden="1" w:uiPriority="39" w:unhideWhenUsed="1"/>
    <w:lsdException w:name="toc 3" w:semiHidden="1" w:uiPriority="39" w:unhideWhenUsed="1"/>
    <w:lsdException w:name="toc 4" w:semiHidden="1" w:uiPriority="39" w:unhideWhenUsed="1"/>
    <w:lsdException w:name="toc 5" w:semiHidden="1" w:uiPriority="39" w:unhideWhenUsed="1"/>
    <w:lsdException w:name="toc 6" w:semiHidden="1" w:uiPriority="39" w:unhideWhenUsed="1"/>
    <w:lsdException w:name="toc 7" w:semiHidden="1" w:uiPriority="39" w:unhideWhenUsed="1"/>
    <w:lsdException w:name="toc 8" w:semiHidden="1" w:uiPriority="39" w:unhideWhenUsed="1"/>
    <w:lsdException w:name="toc 9" w:semiHidden="1" w:uiPriority="39" w:unhideWhenUsed="1"/>
    <w:lsdException w:name="Normal Indent" w:semiHidden="1" w:unhideWhenUsed="1"/>
    <w:lsdException w:name="footnote text" w:semiHidden="1" w:unhideWhenUsed="1"/>
    <w:lsdException w:name="annotation text" w:semiHidden="1" w:unhideWhenUsed="1" w:qFormat="1"/>
    <w:lsdException w:name="header" w:semiHidden="1" w:unhideWhenUsed="1"/>
    <w:lsdException w:name="footer" w:semiHidden="1" w:uiPriority="0" w:unhideWhenUsed="1"/>
    <w:lsdException w:name="index heading" w:semiHidden="1" w:unhideWhenUsed="1"/>
    <w:lsdException w:name="caption" w:semiHidden="1" w:uiPriority="35" w:unhideWhenUsed="1" w:qFormat="1"/>
    <w:lsdException w:name="table of figures" w:semiHidden="1" w:unhideWhenUsed="1"/>
    <w:lsdException w:name="envelope address" w:semiHidden="1" w:unhideWhenUsed="1"/>
    <w:lsdException w:name="envelope return" w:semiHidden="1" w:unhideWhenUsed="1"/>
    <w:lsdException w:name="footnote reference" w:semiHidden="1" w:unhideWhenUsed="1"/>
    <w:lsdException w:name="annotation reference" w:semiHidden="1" w:unhideWhenUsed="1"/>
    <w:lsdException w:name="line number" w:semiHidden="1" w:unhideWhenUsed="1"/>
    <w:lsdException w:name="page number" w:semiHidden="1" w:unhideWhenUsed="1"/>
    <w:lsdException w:name="endnote reference" w:semiHidden="1" w:unhideWhenUsed="1"/>
    <w:lsdException w:name="endnote text" w:semiHidden="1" w:unhideWhenUsed="1"/>
    <w:lsdException w:name="table of authorities" w:semiHidden="1" w:unhideWhenUsed="1"/>
    <w:lsdException w:name="macro" w:semiHidden="1" w:unhideWhenUsed="1"/>
    <w:lsdException w:name="toa heading" w:semiHidden="1" w:unhideWhenUsed="1"/>
    <w:lsdException w:name="List" w:semiHidden="1" w:unhideWhenUsed="1"/>
    <w:lsdException w:name="List Bullet" w:semiHidden="1" w:unhideWhenUsed="1"/>
    <w:lsdException w:name="List Number" w:semiHidden="1" w:unhideWhenUsed="1"/>
    <w:lsdException w:name="List 2" w:semiHidden="1" w:unhideWhenUsed="1"/>
    <w:lsdException w:name="List 3" w:semiHidden="1" w:unhideWhenUsed="1"/>
    <w:lsdException w:name="List 4" w:semiHidden="1" w:unhideWhenUsed="1"/>
    <w:lsdException w:name="List 5" w:semiHidden="1" w:unhideWhenUsed="1"/>
    <w:lsdException w:name="List Bullet 2" w:semiHidden="1" w:unhideWhenUsed="1"/>
    <w:lsdException w:name="List Bullet 3" w:semiHidden="1" w:unhideWhenUsed="1"/>
    <w:lsdException w:name="List Bullet 4" w:semiHidden="1" w:unhideWhenUsed="1"/>
    <w:lsdException w:name="List Bullet 5" w:semiHidden="1" w:unhideWhenUsed="1"/>
    <w:lsdException w:name="List Number 2" w:semiHidden="1" w:unhideWhenUsed="1"/>
    <w:lsdException w:name="List Number 3" w:semiHidden="1" w:unhideWhenUsed="1"/>
    <w:lsdException w:name="List Number 4" w:semiHidden="1" w:unhideWhenUsed="1"/>
    <w:lsdException w:name="List Number 5" w:semiHidden="1" w:unhideWhenUsed="1"/>
    <w:lsdException w:name="Title" w:uiPriority="10" w:qFormat="1"/>
    <w:lsdException w:name="Closing" w:semiHidden="1" w:unhideWhenUsed="1"/>
    <w:lsdException w:name="Signature" w:semiHidden="1" w:unhideWhenUsed="1"/>
    <w:lsdException w:name="Default Paragraph Font" w:semiHidden="1" w:uiPriority="1" w:unhideWhenUsed="1"/>
    <w:lsdException w:name="Body Text" w:semiHidden="1" w:unhideWhenUsed="1"/>
    <w:lsdException w:name="Body Text Indent" w:semiHidden="1" w:unhideWhenUsed="1"/>
    <w:lsdException w:name="List Continue" w:semiHidden="1" w:unhideWhenUsed="1"/>
    <w:lsdException w:name="List Continue 2" w:semiHidden="1" w:unhideWhenUsed="1"/>
    <w:lsdException w:name="List Continue 3" w:semiHidden="1" w:unhideWhenUsed="1"/>
    <w:lsdException w:name="List Continue 4" w:semiHidden="1" w:unhideWhenUsed="1"/>
    <w:lsdException w:name="List Continue 5" w:semiHidden="1" w:unhideWhenUsed="1"/>
    <w:lsdException w:name="Message Header" w:semiHidden="1" w:unhideWhenUsed="1"/>
    <w:lsdException w:name="Subtitle" w:uiPriority="11" w:qFormat="1"/>
    <w:lsdException w:name="Salutation" w:semiHidden="1" w:unhideWhenUsed="1"/>
    <w:lsdException w:name="Date" w:semiHidden="1" w:unhideWhenUsed="1"/>
    <w:lsdException w:name="Body Text First Indent" w:semiHidden="1" w:unhideWhenUsed="1"/>
    <w:lsdException w:name="Body Text First Indent 2" w:semiHidden="1" w:unhideWhenUsed="1"/>
    <w:lsdException w:name="Note Heading" w:semiHidden="1" w:unhideWhenUsed="1"/>
    <w:lsdException w:name="Body Text 2" w:semiHidden="1" w:unhideWhenUsed="1"/>
    <w:lsdException w:name="Body Text 3" w:semiHidden="1" w:unhideWhenUsed="1"/>
    <w:lsdException w:name="Body Text Indent 2" w:semiHidden="1" w:unhideWhenUsed="1"/>
    <w:lsdException w:name="Body Text Indent 3" w:semiHidden="1" w:unhideWhenUsed="1"/>
    <w:lsdException w:name="Block Text" w:semiHidden="1" w:unhideWhenUsed="1"/>
    <w:lsdException w:name="Hyperlink" w:semiHidden="1" w:unhideWhenUsed="1"/>
    <w:lsdException w:name="FollowedHyperlink" w:semiHidden="1" w:unhideWhenUsed="1"/>
    <w:lsdException w:name="Strong" w:uiPriority="22" w:qFormat="1"/>
    <w:lsdException w:name="Emphasis" w:uiPriority="20" w:qFormat="1"/>
    <w:lsdException w:name="Document Map" w:semiHidden="1" w:unhideWhenUsed="1"/>
    <w:lsdException w:name="Plain Text" w:semiHidden="1" w:unhideWhenUsed="1"/>
    <w:lsdException w:name="E-mail Signature" w:semiHidden="1" w:unhideWhenUsed="1"/>
    <w:lsdException w:name="HTML Top of Form" w:semiHidden="1" w:unhideWhenUsed="1"/>
    <w:lsdException w:name="HTML Bottom of Form" w:semiHidden="1" w:unhideWhenUsed="1"/>
    <w:lsdException w:name="Normal (Web)" w:semiHidden="1" w:unhideWhenUsed="1"/>
    <w:lsdException w:name="HTML Acronym" w:semiHidden="1" w:unhideWhenUsed="1"/>
    <w:lsdException w:name="HTML Address" w:semiHidden="1" w:unhideWhenUsed="1"/>
    <w:lsdException w:name="HTML Cite" w:semiHidden="1" w:unhideWhenUsed="1"/>
    <w:lsdException w:name="HTML Code" w:semiHidden="1" w:unhideWhenUsed="1"/>
    <w:lsdException w:name="HTML Definition" w:semiHidden="1" w:unhideWhenUsed="1"/>
    <w:lsdException w:name="HTML Keyboard" w:semiHidden="1" w:unhideWhenUsed="1"/>
    <w:lsdException w:name="HTML Preformatted" w:semiHidden="1" w:unhideWhenUsed="1"/>
    <w:lsdException w:name="HTML Sample" w:semiHidden="1" w:unhideWhenUsed="1"/>
    <w:lsdException w:name="HTML Typewriter" w:semiHidden="1" w:unhideWhenUsed="1"/>
    <w:lsdException w:name="HTML Variable" w:semiHidden="1" w:unhideWhenUsed="1"/>
    <w:lsdException w:name="Normal Table" w:semiHidden="1" w:unhideWhenUsed="1"/>
    <w:lsdException w:name="annotation subject" w:semiHidden="1" w:unhideWhenUsed="1"/>
    <w:lsdException w:name="No List" w:semiHidden="1" w:unhideWhenUsed="1"/>
    <w:lsdException w:name="Outline List 1" w:semiHidden="1" w:unhideWhenUsed="1"/>
    <w:lsdException w:name="Outline List 2" w:semiHidden="1" w:unhideWhenUsed="1"/>
    <w:lsdException w:name="Outline List 3" w:semiHidden="1" w:unhideWhenUsed="1"/>
    <w:lsdException w:name="Table Simple 1" w:semiHidden="1" w:unhideWhenUsed="1"/>
    <w:lsdException w:name="Table Simple 2" w:semiHidden="1" w:unhideWhenUsed="1"/>
    <w:lsdException w:name="Table Simple 3" w:semiHidden="1" w:unhideWhenUsed="1"/>
    <w:lsdException w:name="Table Classic 1" w:semiHidden="1" w:unhideWhenUsed="1"/>
    <w:lsdException w:name="Table Classic 2" w:semiHidden="1" w:unhideWhenUsed="1"/>
    <w:lsdException w:name="Table Classic 3" w:semiHidden="1" w:unhideWhenUsed="1"/>
    <w:lsdException w:name="Table Classic 4" w:semiHidden="1" w:unhideWhenUsed="1"/>
    <w:lsdException w:name="Table Colorful 1" w:semiHidden="1" w:unhideWhenUsed="1"/>
    <w:lsdException w:name="Table Colorful 2" w:semiHidden="1" w:unhideWhenUsed="1"/>
    <w:lsdException w:name="Table Colorful 3" w:semiHidden="1" w:unhideWhenUsed="1"/>
    <w:lsdException w:name="Table Columns 1" w:semiHidden="1" w:unhideWhenUsed="1"/>
    <w:lsdException w:name="Table Columns 2" w:semiHidden="1" w:unhideWhenUsed="1"/>
    <w:lsdException w:name="Table Columns 3" w:semiHidden="1" w:unhideWhenUsed="1"/>
    <w:lsdException w:name="Table Columns 4" w:semiHidden="1" w:unhideWhenUsed="1"/>
    <w:lsdException w:name="Table Columns 5" w:semiHidden="1" w:unhideWhenUsed="1"/>
    <w:lsdException w:name="Table Grid 1" w:semiHidden="1" w:unhideWhenUsed="1"/>
    <w:lsdException w:name="Table Grid 2" w:semiHidden="1" w:unhideWhenUsed="1"/>
    <w:lsdException w:name="Table Grid 3" w:semiHidden="1" w:unhideWhenUsed="1"/>
    <w:lsdException w:name="Table Grid 4" w:semiHidden="1" w:unhideWhenUsed="1"/>
    <w:lsdException w:name="Table Grid 5" w:semiHidden="1" w:unhideWhenUsed="1"/>
    <w:lsdException w:name="Table Grid 6" w:semiHidden="1" w:unhideWhenUsed="1"/>
    <w:lsdException w:name="Table Grid 7" w:semiHidden="1" w:unhideWhenUsed="1"/>
    <w:lsdException w:name="Table Grid 8" w:semiHidden="1" w:unhideWhenUsed="1"/>
    <w:lsdException w:name="Table List 1" w:semiHidden="1" w:unhideWhenUsed="1"/>
    <w:lsdException w:name="Table List 2" w:semiHidden="1" w:unhideWhenUsed="1"/>
    <w:lsdException w:name="Table List 3" w:semiHidden="1" w:unhideWhenUsed="1"/>
    <w:lsdException w:name="Table List 4" w:semiHidden="1" w:unhideWhenUsed="1"/>
    <w:lsdException w:name="Table List 5" w:semiHidden="1" w:unhideWhenUsed="1"/>
    <w:lsdException w:name="Table List 6" w:semiHidden="1" w:unhideWhenUsed="1"/>
    <w:lsdException w:name="Table List 7" w:semiHidden="1" w:unhideWhenUsed="1"/>
    <w:lsdException w:name="Table List 8" w:semiHidden="1" w:unhideWhenUsed="1"/>
    <w:lsdException w:name="Table 3D effects 1" w:semiHidden="1" w:unhideWhenUsed="1"/>
    <w:lsdException w:name="Table 3D effects 2" w:semiHidden="1" w:unhideWhenUsed="1"/>
    <w:lsdException w:name="Table 3D effects 3" w:semiHidden="1" w:unhideWhenUsed="1"/>
    <w:lsdException w:name="Table Contemporary" w:semiHidden="1" w:unhideWhenUsed="1"/>
    <w:lsdException w:name="Table Elegant" w:semiHidden="1" w:unhideWhenUsed="1"/>
    <w:lsdException w:name="Table Professional" w:semiHidden="1" w:unhideWhenUsed="1"/>
    <w:lsdException w:name="Table Subtle 1" w:semiHidden="1" w:unhideWhenUsed="1"/>
    <w:lsdException w:name="Table Subtle 2" w:semiHidden="1" w:unhideWhenUsed="1"/>
    <w:lsdException w:name="Table Web 1" w:semiHidden="1" w:unhideWhenUsed="1"/>
    <w:lsdException w:name="Table Web 2" w:semiHidden="1" w:unhideWhenUsed="1"/>
    <w:lsdException w:name="Table Web 3" w:semiHidden="1" w:unhideWhenUsed="1"/>
    <w:lsdException w:name="Balloon Text" w:semiHidden="1" w:unhideWhenUsed="1"/>
    <w:lsdException w:name="Table Grid" w:uiPriority="59"/>
    <w:lsdException w:name="Table Theme" w:semiHidden="1" w:unhideWhenUsed="1"/>
    <w:lsdException w:name="Placeholder Text" w:semiHidden="1"/>
    <w:lsdException w:name="No Spacing" w:uiPriority="1" w:qFormat="1"/>
    <w:lsdException w:name="Light Shading" w:uiPriority="60"/>
    <w:lsdException w:name="Light List" w:uiPriority="61"/>
    <w:lsdException w:name="Light Grid" w:uiPriority="62"/>
    <w:lsdException w:name="Medium Shading 1" w:uiPriority="63"/>
    <w:lsdException w:name="Medium Shading 2" w:uiPriority="64"/>
    <w:lsdException w:name="Medium List 1" w:uiPriority="65"/>
    <w:lsdException w:name="Medium List 2" w:uiPriority="66"/>
    <w:lsdException w:name="Medium Grid 1" w:uiPriority="67"/>
    <w:lsdException w:name="Medium Grid 2" w:uiPriority="68"/>
    <w:lsdException w:name="Medium Grid 3" w:uiPriority="69"/>
    <w:lsdException w:name="Dark List" w:uiPriority="70"/>
    <w:lsdException w:name="Colorful Shading" w:uiPriority="71"/>
    <w:lsdException w:name="Colorful List" w:uiPriority="72"/>
    <w:lsdException w:name="Colorful Grid" w:uiPriority="73"/>
    <w:lsdException w:name="Light Shading Accent 1" w:uiPriority="60"/>
    <w:lsdException w:name="Light List Accent 1" w:uiPriority="61"/>
    <w:lsdException w:name="Light Grid Accent 1" w:uiPriority="62"/>
    <w:lsdException w:name="Medium Shading 1 Accent 1" w:uiPriority="63"/>
    <w:lsdException w:name="Medium Shading 2 Accent 1" w:uiPriority="64"/>
    <w:lsdException w:name="Medium List 1 Accent 1" w:uiPriority="65"/>
    <w:lsdException w:name="Revision" w:semiHidden="1"/>
    <w:lsdException w:name="List Paragraph" w:uiPriority="34" w:qFormat="1"/>
    <w:lsdException w:name="Quote" w:uiPriority="29" w:qFormat="1"/>
    <w:lsdException w:name="Intense Quote" w:uiPriority="30" w:qFormat="1"/>
    <w:lsdException w:name="Medium List 2 Accent 1" w:uiPriority="66"/>
    <w:lsdException w:name="Medium Grid 1 Accent 1" w:uiPriority="67"/>
    <w:lsdException w:name="Medium Grid 2 Accent 1" w:uiPriority="68"/>
    <w:lsdException w:name="Medium Grid 3 Accent 1" w:uiPriority="69"/>
    <w:lsdException w:name="Dark List Accent 1" w:uiPriority="70"/>
    <w:lsdException w:name="Colorful Shading Accent 1" w:uiPriority="71"/>
    <w:lsdException w:name="Colorful List Accent 1" w:uiPriority="72"/>
    <w:lsdException w:name="Colorful Grid Accent 1" w:uiPriority="73"/>
    <w:lsdException w:name="Light Shading Accent 2" w:uiPriority="60"/>
    <w:lsdException w:name="Light List Accent 2" w:uiPriority="61"/>
    <w:lsdException w:name="Light Grid Accent 2" w:uiPriority="62"/>
    <w:lsdException w:name="Medium Shading 1 Accent 2" w:uiPriority="63"/>
    <w:lsdException w:name="Medium Shading 2 Accent 2" w:uiPriority="64"/>
    <w:lsdException w:name="Medium List 1 Accent 2" w:uiPriority="65"/>
    <w:lsdException w:name="Medium List 2 Accent 2" w:uiPriority="66"/>
    <w:lsdException w:name="Medium Grid 1 Accent 2" w:uiPriority="67"/>
    <w:lsdException w:name="Medium Grid 2 Accent 2" w:uiPriority="68"/>
    <w:lsdException w:name="Medium Grid 3 Accent 2" w:uiPriority="69"/>
    <w:lsdException w:name="Dark List Accent 2" w:uiPriority="70"/>
    <w:lsdException w:name="Colorful Shading Accent 2" w:uiPriority="71"/>
    <w:lsdException w:name="Colorful List Accent 2" w:uiPriority="72"/>
    <w:lsdException w:name="Colorful Grid Accent 2" w:uiPriority="73"/>
    <w:lsdException w:name="Light Shading Accent 3" w:uiPriority="60"/>
    <w:lsdException w:name="Light List Accent 3" w:uiPriority="61"/>
    <w:lsdException w:name="Light Grid Accent 3" w:uiPriority="62"/>
    <w:lsdException w:name="Medium Shading 1 Accent 3" w:uiPriority="63"/>
    <w:lsdException w:name="Medium Shading 2 Accent 3" w:uiPriority="64"/>
    <w:lsdException w:name="Medium List 1 Accent 3" w:uiPriority="65"/>
    <w:lsdException w:name="Medium List 2 Accent 3" w:uiPriority="66"/>
    <w:lsdException w:name="Medium Grid 1 Accent 3" w:uiPriority="67"/>
    <w:lsdException w:name="Medium Grid 2 Accent 3" w:uiPriority="68"/>
    <w:lsdException w:name="Medium Grid 3 Accent 3" w:uiPriority="69"/>
    <w:lsdException w:name="Dark List Accent 3" w:uiPriority="70"/>
    <w:lsdException w:name="Colorful Shading Accent 3" w:uiPriority="71"/>
    <w:lsdException w:name="Colorful List Accent 3" w:uiPriority="72"/>
    <w:lsdException w:name="Colorful Grid Accent 3" w:uiPriority="73"/>
    <w:lsdException w:name="Light Shading Accent 4" w:uiPriority="60"/>
    <w:lsdException w:name="Light List Accent 4" w:uiPriority="61"/>
    <w:lsdException w:name="Light Grid Accent 4" w:uiPriority="62"/>
    <w:lsdException w:name="Medium Shading 1 Accent 4" w:uiPriority="63"/>
    <w:lsdException w:name="Medium Shading 2 Accent 4" w:uiPriority="64"/>
    <w:lsdException w:name="Medium List 1 Accent 4" w:uiPriority="65"/>
    <w:lsdException w:name="Medium List 2 Accent 4" w:uiPriority="66"/>
    <w:lsdException w:name="Medium Grid 1 Accent 4" w:uiPriority="67"/>
    <w:lsdException w:name="Medium Grid 2 Accent 4" w:uiPriority="68"/>
    <w:lsdException w:name="Medium Grid 3 Accent 4" w:uiPriority="69"/>
    <w:lsdException w:name="Dark List Accent 4" w:uiPriority="70"/>
    <w:lsdException w:name="Colorful Shading Accent 4" w:uiPriority="71"/>
    <w:lsdException w:name="Colorful List Accent 4" w:uiPriority="72"/>
    <w:lsdException w:name="Colorful Grid Accent 4" w:uiPriority="73"/>
    <w:lsdException w:name="Light Shading Accent 5" w:uiPriority="60"/>
    <w:lsdException w:name="Light List Accent 5" w:uiPriority="61"/>
    <w:lsdException w:name="Light Grid Accent 5" w:uiPriority="62"/>
    <w:lsdException w:name="Medium Shading 1 Accent 5" w:uiPriority="63"/>
    <w:lsdException w:name="Medium Shading 2 Accent 5" w:uiPriority="64"/>
    <w:lsdException w:name="Medium List 1 Accent 5" w:uiPriority="65"/>
    <w:lsdException w:name="Medium List 2 Accent 5" w:uiPriority="66"/>
    <w:lsdException w:name="Medium Grid 1 Accent 5" w:uiPriority="67"/>
    <w:lsdException w:name="Medium Grid 2 Accent 5" w:uiPriority="68"/>
    <w:lsdException w:name="Medium Grid 3 Accent 5" w:uiPriority="69"/>
    <w:lsdException w:name="Dark List Accent 5" w:uiPriority="70"/>
    <w:lsdException w:name="Colorful Shading Accent 5" w:uiPriority="71"/>
    <w:lsdException w:name="Colorful List Accent 5" w:uiPriority="72"/>
    <w:lsdException w:name="Colorful Grid Accent 5" w:uiPriority="73"/>
    <w:lsdException w:name="Light Shading Accent 6" w:uiPriority="60"/>
    <w:lsdException w:name="Light List Accent 6" w:uiPriority="61"/>
    <w:lsdException w:name="Light Grid Accent 6" w:uiPriority="62"/>
    <w:lsdException w:name="Medium Shading 1 Accent 6" w:uiPriority="63"/>
    <w:lsdException w:name="Medium Shading 2 Accent 6" w:uiPriority="64"/>
    <w:lsdException w:name="Medium List 1 Accent 6" w:uiPriority="65"/>
    <w:lsdException w:name="Medium List 2 Accent 6" w:uiPriority="66"/>
    <w:lsdException w:name="Medium Grid 1 Accent 6" w:uiPriority="67"/>
    <w:lsdException w:name="Medium Grid 2 Accent 6" w:uiPriority="68"/>
    <w:lsdException w:name="Medium Grid 3 Accent 6" w:uiPriority="69"/>
    <w:lsdException w:name="Dark List Accent 6" w:uiPriority="70"/>
    <w:lsdException w:name="Colorful Shading Accent 6" w:uiPriority="71"/>
    <w:lsdException w:name="Colorful List Accent 6" w:uiPriority="72"/>
    <w:lsdException w:name="Colorful Grid Accent 6" w:uiPriority="73"/>
    <w:lsdException w:name="Subtle Emphasis" w:uiPriority="19" w:qFormat="1"/>
    <w:lsdException w:name="Intense Emphasis" w:uiPriority="21" w:qFormat="1"/>
    <w:lsdException w:name="Subtle Reference" w:uiPriority="31" w:qFormat="1"/>
    <w:lsdException w:name="Intense Reference" w:uiPriority="32" w:qFormat="1"/>
    <w:lsdException w:name="Book Title" w:uiPriority="33" w:qFormat="1"/>
    <w:lsdException w:name="Bibliography" w:semiHidden="1" w:uiPriority="37" w:unhideWhenUsed="1"/>
    <w:lsdException w:name="TOC Heading" w:semiHidden="1" w:uiPriority="39" w:unhideWhenUsed="1" w:qFormat="1"/>
    <w:lsdException w:name="Plain Table 1" w:uiPriority="41"/>
    <w:lsdException w:name="Plain Table 2" w:uiPriority="42"/>
    <w:lsdException w:name="Plain Table 3" w:uiPriority="43"/>
    <w:lsdException w:name="Plain Table 4" w:uiPriority="44"/>
    <w:lsdException w:name="Plain Table 5" w:uiPriority="45"/>
    <w:lsdException w:name="Grid Table Light" w:uiPriority="40"/>
    <w:lsdException w:name="Grid Table 1 Light" w:uiPriority="46"/>
    <w:lsdException w:name="Grid Table 2" w:uiPriority="47"/>
    <w:lsdException w:name="Grid Table 3" w:uiPriority="48"/>
    <w:lsdException w:name="Grid Table 4" w:uiPriority="49"/>
    <w:lsdException w:name="Grid Table 5 Dark" w:uiPriority="50"/>
    <w:lsdException w:name="Grid Table 6 Colorful" w:uiPriority="51"/>
    <w:lsdException w:name="Grid Table 7 Colorful" w:uiPriority="52"/>
    <w:lsdException w:name="Grid Table 1 Light Accent 1" w:uiPriority="46"/>
    <w:lsdException w:name="Grid Table 2 Accent 1" w:uiPriority="47"/>
    <w:lsdException w:name="Grid Table 3 Accent 1" w:uiPriority="48"/>
    <w:lsdException w:name="Grid Table 4 Accent 1" w:uiPriority="49"/>
    <w:lsdException w:name="Grid Table 5 Dark Accent 1" w:uiPriority="50"/>
    <w:lsdException w:name="Grid Table 6 Colorful Accent 1" w:uiPriority="51"/>
    <w:lsdException w:name="Grid Table 7 Colorful Accent 1" w:uiPriority="52"/>
    <w:lsdException w:name="Grid Table 1 Light Accent 2" w:uiPriority="46"/>
    <w:lsdException w:name="Grid Table 2 Accent 2" w:uiPriority="47"/>
    <w:lsdException w:name="Grid Table 3 Accent 2" w:uiPriority="48"/>
    <w:lsdException w:name="Grid Table 4 Accent 2" w:uiPriority="49"/>
    <w:lsdException w:name="Grid Table 5 Dark Accent 2" w:uiPriority="50"/>
    <w:lsdException w:name="Grid Table 6 Colorful Accent 2" w:uiPriority="51"/>
    <w:lsdException w:name="Grid Table 7 Colorful Accent 2" w:uiPriority="52"/>
    <w:lsdException w:name="Grid Table 1 Light Accent 3" w:uiPriority="46"/>
    <w:lsdException w:name="Grid Table 2 Accent 3" w:uiPriority="47"/>
    <w:lsdException w:name="Grid Table 3 Accent 3" w:uiPriority="48"/>
    <w:lsdException w:name="Grid Table 4 Accent 3" w:uiPriority="49"/>
    <w:lsdException w:name="Grid Table 5 Dark Accent 3" w:uiPriority="50"/>
    <w:lsdException w:name="Grid Table 6 Colorful Accent 3" w:uiPriority="51"/>
    <w:lsdException w:name="Grid Table 7 Colorful Accent 3" w:uiPriority="52"/>
    <w:lsdException w:name="Grid Table 1 Light Accent 4" w:uiPriority="46"/>
    <w:lsdException w:name="Grid Table 2 Accent 4" w:uiPriority="47"/>
    <w:lsdException w:name="Grid Table 3 Accent 4" w:uiPriority="48"/>
    <w:lsdException w:name="Grid Table 4 Accent 4" w:uiPriority="49"/>
    <w:lsdException w:name="Grid Table 5 Dark Accent 4" w:uiPriority="50"/>
    <w:lsdException w:name="Grid Table 6 Colorful Accent 4" w:uiPriority="51"/>
    <w:lsdException w:name="Grid Table 7 Colorful Accent 4" w:uiPriority="52"/>
    <w:lsdException w:name="Grid Table 1 Light Accent 5" w:uiPriority="46"/>
    <w:lsdException w:name="Grid Table 2 Accent 5" w:uiPriority="47"/>
    <w:lsdException w:name="Grid Table 3 Accent 5" w:uiPriority="48"/>
    <w:lsdException w:name="Grid Table 4 Accent 5" w:uiPriority="49"/>
    <w:lsdException w:name="Grid Table 5 Dark Accent 5" w:uiPriority="50"/>
    <w:lsdException w:name="Grid Table 6 Colorful Accent 5" w:uiPriority="51"/>
    <w:lsdException w:name="Grid Table 7 Colorful Accent 5" w:uiPriority="52"/>
    <w:lsdException w:name="Grid Table 1 Light Accent 6" w:uiPriority="46"/>
    <w:lsdException w:name="Grid Table 2 Accent 6" w:uiPriority="47"/>
    <w:lsdException w:name="Grid Table 3 Accent 6" w:uiPriority="48"/>
    <w:lsdException w:name="Grid Table 4 Accent 6" w:uiPriority="49"/>
    <w:lsdException w:name="Grid Table 5 Dark Accent 6" w:uiPriority="50"/>
    <w:lsdException w:name="Grid Table 6 Colorful Accent 6" w:uiPriority="51"/>
    <w:lsdException w:name="Grid Table 7 Colorful Accent 6" w:uiPriority="52"/>
    <w:lsdException w:name="List Table 1 Light" w:uiPriority="46"/>
    <w:lsdException w:name="List Table 2" w:uiPriority="47"/>
    <w:lsdException w:name="List Table 3" w:uiPriority="48"/>
    <w:lsdException w:name="List Table 4" w:uiPriority="49"/>
    <w:lsdException w:name="List Table 5 Dark" w:uiPriority="50"/>
    <w:lsdException w:name="List Table 6 Colorful" w:uiPriority="51"/>
    <w:lsdException w:name="List Table 7 Colorful" w:uiPriority="52"/>
    <w:lsdException w:name="List Table 1 Light Accent 1" w:uiPriority="46"/>
    <w:lsdException w:name="List Table 2 Accent 1" w:uiPriority="47"/>
    <w:lsdException w:name="List Table 3 Accent 1" w:uiPriority="48"/>
    <w:lsdException w:name="List Table 4 Accent 1" w:uiPriority="49"/>
    <w:lsdException w:name="List Table 5 Dark Accent 1" w:uiPriority="50"/>
    <w:lsdException w:name="List Table 6 Colorful Accent 1" w:uiPriority="51"/>
    <w:lsdException w:name="List Table 7 Colorful Accent 1" w:uiPriority="52"/>
    <w:lsdException w:name="List Table 1 Light Accent 2" w:uiPriority="46"/>
    <w:lsdException w:name="List Table 2 Accent 2" w:uiPriority="47"/>
    <w:lsdException w:name="List Table 3 Accent 2" w:uiPriority="48"/>
    <w:lsdException w:name="List Table 4 Accent 2" w:uiPriority="49"/>
    <w:lsdException w:name="List Table 5 Dark Accent 2" w:uiPriority="50"/>
    <w:lsdException w:name="List Table 6 Colorful Accent 2" w:uiPriority="51"/>
    <w:lsdException w:name="List Table 7 Colorful Accent 2" w:uiPriority="52"/>
    <w:lsdException w:name="List Table 1 Light Accent 3" w:uiPriority="46"/>
    <w:lsdException w:name="List Table 2 Accent 3" w:uiPriority="47"/>
    <w:lsdException w:name="List Table 3 Accent 3" w:uiPriority="48"/>
    <w:lsdException w:name="List Table 4 Accent 3" w:uiPriority="49"/>
    <w:lsdException w:name="List Table 5 Dark Accent 3" w:uiPriority="50"/>
    <w:lsdException w:name="List Table 6 Colorful Accent 3" w:uiPriority="51"/>
    <w:lsdException w:name="List Table 7 Colorful Accent 3" w:uiPriority="52"/>
    <w:lsdException w:name="List Table 1 Light Accent 4" w:uiPriority="46"/>
    <w:lsdException w:name="List Table 2 Accent 4" w:uiPriority="47"/>
    <w:lsdException w:name="List Table 3 Accent 4" w:uiPriority="48"/>
    <w:lsdException w:name="List Table 4 Accent 4" w:uiPriority="49"/>
    <w:lsdException w:name="List Table 5 Dark Accent 4" w:uiPriority="50"/>
    <w:lsdException w:name="List Table 6 Colorful Accent 4" w:uiPriority="51"/>
    <w:lsdException w:name="List Table 7 Colorful Accent 4" w:uiPriority="52"/>
    <w:lsdException w:name="List Table 1 Light Accent 5" w:uiPriority="46"/>
    <w:lsdException w:name="List Table 2 Accent 5" w:uiPriority="47"/>
    <w:lsdException w:name="List Table 3 Accent 5" w:uiPriority="48"/>
    <w:lsdException w:name="List Table 4 Accent 5" w:uiPriority="49"/>
    <w:lsdException w:name="List Table 5 Dark Accent 5" w:uiPriority="50"/>
    <w:lsdException w:name="List Table 6 Colorful Accent 5" w:uiPriority="51"/>
    <w:lsdException w:name="List Table 7 Colorful Accent 5" w:uiPriority="52"/>
    <w:lsdException w:name="List Table 1 Light Accent 6" w:uiPriority="46"/>
    <w:lsdException w:name="List Table 2 Accent 6" w:uiPriority="47"/>
    <w:lsdException w:name="List Table 3 Accent 6" w:uiPriority="48"/>
    <w:lsdException w:name="List Table 4 Accent 6" w:uiPriority="49"/>
    <w:lsdException w:name="List Table 5 Dark Accent 6" w:uiPriority="50"/>
    <w:lsdException w:name="List Table 6 Colorful Accent 6" w:uiPriority="51"/>
    <w:lsdException w:name="List Table 7 Colorful Accent 6" w:uiPriority="52"/>
    <w:lsdException w:name="Mention" w:semiHidden="1" w:unhideWhenUsed="1"/>
    <w:lsdException w:name="Smart Hyperlink" w:semiHidden="1" w:unhideWhenUsed="1"/>
    <w:lsdException w:name="Hashtag" w:semiHidden="1" w:unhideWhenUsed="1"/>
    <w:lsdException w:name="Unresolved Mention" w:semiHidden="1" w:unhideWhenUsed="1"/>
    <w:lsdException w:name="Smart Link" w:semiHidden="1" w:unhideWhenUsed="1"/>
  </w:latentStyles>
  <w:style w:type="paragraph" w:default="1" w:styleId="Normal">
    <w:name w:val="Normal"/>
    <w:qFormat/>
    <w:rsid w:val="00657715"/>
    <w:pPr>
      <w:spacing w:after="120" w:line="240" w:lineRule="auto"/>
    </w:pPr>
    <w:rPr>
      <w:sz w:val="22"/>
      <w:szCs w:val="22"/>
    </w:rPr>
  </w:style>
  <w:style w:type="paragraph" w:styleId="Heading1">
    <w:name w:val="heading 1"/>
    <w:basedOn w:val="Normal"/>
    <w:next w:val="Normal"/>
    <w:link w:val="Heading1Char"/>
    <w:uiPriority w:val="9"/>
    <w:qFormat/>
    <w:rsid w:val="00D21398"/>
    <w:pPr>
      <w:keepNext/>
      <w:keepLines/>
      <w:numPr>
        <w:numId w:val="20"/>
      </w:numPr>
      <w:spacing w:before="120"/>
      <w:outlineLvl w:val="0"/>
    </w:pPr>
    <w:rPr>
      <w:rFonts w:eastAsia="Times New Roman" w:cstheme="majorBidi"/>
      <w:b/>
      <w:sz w:val="28"/>
      <w:szCs w:val="28"/>
    </w:rPr>
  </w:style>
  <w:style w:type="paragraph" w:styleId="Heading2">
    <w:name w:val="heading 2"/>
    <w:basedOn w:val="Normal"/>
    <w:next w:val="Normal"/>
    <w:link w:val="Heading2Char"/>
    <w:uiPriority w:val="9"/>
    <w:unhideWhenUsed/>
    <w:qFormat/>
    <w:rsid w:val="00A52C16"/>
    <w:pPr>
      <w:keepNext/>
      <w:keepLines/>
      <w:numPr>
        <w:ilvl w:val="1"/>
        <w:numId w:val="20"/>
      </w:numPr>
      <w:spacing w:before="120"/>
      <w:ind w:left="450" w:hanging="450"/>
      <w:outlineLvl w:val="1"/>
    </w:pPr>
    <w:rPr>
      <w:rFonts w:eastAsia="Times New Roman" w:cstheme="majorBidi"/>
      <w:b/>
      <w:sz w:val="24"/>
      <w:szCs w:val="24"/>
    </w:rPr>
  </w:style>
  <w:style w:type="paragraph" w:styleId="Heading3">
    <w:name w:val="heading 3"/>
    <w:basedOn w:val="Normal"/>
    <w:next w:val="Normal"/>
    <w:link w:val="Heading3Char"/>
    <w:uiPriority w:val="9"/>
    <w:unhideWhenUsed/>
    <w:qFormat/>
    <w:rsid w:val="00BA0F2A"/>
    <w:pPr>
      <w:keepNext/>
      <w:keepLines/>
      <w:numPr>
        <w:ilvl w:val="2"/>
        <w:numId w:val="20"/>
      </w:numPr>
      <w:spacing w:before="120"/>
      <w:ind w:left="630" w:hanging="630"/>
      <w:outlineLvl w:val="2"/>
    </w:pPr>
    <w:rPr>
      <w:rFonts w:eastAsia="Calibri" w:cstheme="majorBidi"/>
      <w:b/>
      <w:sz w:val="24"/>
      <w:szCs w:val="24"/>
    </w:rPr>
  </w:style>
  <w:style w:type="paragraph" w:styleId="Heading4">
    <w:name w:val="heading 4"/>
    <w:basedOn w:val="Normal"/>
    <w:next w:val="Normal"/>
    <w:link w:val="Heading4Char"/>
    <w:autoRedefine/>
    <w:uiPriority w:val="9"/>
    <w:unhideWhenUsed/>
    <w:qFormat/>
    <w:rsid w:val="00A52C16"/>
    <w:pPr>
      <w:keepNext/>
      <w:keepLines/>
      <w:numPr>
        <w:ilvl w:val="3"/>
        <w:numId w:val="20"/>
      </w:numPr>
      <w:spacing w:before="60"/>
      <w:outlineLvl w:val="3"/>
    </w:pPr>
    <w:rPr>
      <w:rFonts w:ascii="Calibri" w:eastAsiaTheme="majorEastAsia" w:hAnsi="Calibri" w:cstheme="majorBidi"/>
      <w:b/>
      <w:iCs/>
      <w:sz w:val="24"/>
      <w:szCs w:val="30"/>
    </w:rPr>
  </w:style>
  <w:style w:type="paragraph" w:styleId="Heading5">
    <w:name w:val="heading 5"/>
    <w:basedOn w:val="Normal"/>
    <w:next w:val="Normal"/>
    <w:link w:val="Heading5Char"/>
    <w:autoRedefine/>
    <w:uiPriority w:val="9"/>
    <w:unhideWhenUsed/>
    <w:qFormat/>
    <w:rsid w:val="00A52C16"/>
    <w:pPr>
      <w:keepNext/>
      <w:keepLines/>
      <w:numPr>
        <w:ilvl w:val="4"/>
        <w:numId w:val="20"/>
      </w:numPr>
      <w:spacing w:before="60"/>
      <w:outlineLvl w:val="4"/>
    </w:pPr>
    <w:rPr>
      <w:rFonts w:ascii="Calibri" w:eastAsiaTheme="majorEastAsia" w:hAnsi="Calibri" w:cstheme="majorBidi"/>
      <w:b/>
      <w:sz w:val="24"/>
      <w:szCs w:val="28"/>
    </w:rPr>
  </w:style>
  <w:style w:type="paragraph" w:styleId="Heading6">
    <w:name w:val="heading 6"/>
    <w:aliases w:val="(nicht verwenden1)"/>
    <w:basedOn w:val="Normal"/>
    <w:next w:val="Normal"/>
    <w:link w:val="Heading6Char"/>
    <w:uiPriority w:val="9"/>
    <w:unhideWhenUsed/>
    <w:qFormat/>
    <w:rsid w:val="00517567"/>
    <w:pPr>
      <w:keepNext/>
      <w:keepLines/>
      <w:numPr>
        <w:ilvl w:val="5"/>
        <w:numId w:val="20"/>
      </w:numPr>
      <w:spacing w:before="40" w:after="0"/>
      <w:outlineLvl w:val="5"/>
    </w:pPr>
    <w:rPr>
      <w:rFonts w:asciiTheme="majorHAnsi" w:eastAsiaTheme="majorEastAsia" w:hAnsiTheme="majorHAnsi" w:cstheme="majorBidi"/>
      <w:i/>
      <w:iCs/>
      <w:sz w:val="26"/>
      <w:szCs w:val="26"/>
    </w:rPr>
  </w:style>
  <w:style w:type="paragraph" w:styleId="Heading7">
    <w:name w:val="heading 7"/>
    <w:aliases w:val="(nicht verwenden7)"/>
    <w:basedOn w:val="Normal"/>
    <w:next w:val="Normal"/>
    <w:link w:val="Heading7Char"/>
    <w:unhideWhenUsed/>
    <w:qFormat/>
    <w:rsid w:val="00517567"/>
    <w:pPr>
      <w:keepNext/>
      <w:keepLines/>
      <w:numPr>
        <w:ilvl w:val="6"/>
        <w:numId w:val="20"/>
      </w:numPr>
      <w:spacing w:before="40" w:after="0"/>
      <w:outlineLvl w:val="6"/>
    </w:pPr>
    <w:rPr>
      <w:rFonts w:asciiTheme="majorHAnsi" w:eastAsiaTheme="majorEastAsia" w:hAnsiTheme="majorHAnsi" w:cstheme="majorBidi"/>
      <w:sz w:val="24"/>
      <w:szCs w:val="24"/>
    </w:rPr>
  </w:style>
  <w:style w:type="paragraph" w:styleId="Heading8">
    <w:name w:val="heading 8"/>
    <w:basedOn w:val="Normal"/>
    <w:next w:val="Normal"/>
    <w:link w:val="Heading8Char"/>
    <w:unhideWhenUsed/>
    <w:qFormat/>
    <w:rsid w:val="00517567"/>
    <w:pPr>
      <w:keepNext/>
      <w:keepLines/>
      <w:numPr>
        <w:ilvl w:val="7"/>
        <w:numId w:val="20"/>
      </w:numPr>
      <w:spacing w:before="40" w:after="0"/>
      <w:outlineLvl w:val="7"/>
    </w:pPr>
    <w:rPr>
      <w:rFonts w:asciiTheme="majorHAnsi" w:eastAsiaTheme="majorEastAsia" w:hAnsiTheme="majorHAnsi" w:cstheme="majorBidi"/>
      <w:i/>
      <w:iCs/>
    </w:rPr>
  </w:style>
  <w:style w:type="paragraph" w:styleId="Heading9">
    <w:name w:val="heading 9"/>
    <w:basedOn w:val="Normal"/>
    <w:next w:val="Normal"/>
    <w:link w:val="Heading9Char"/>
    <w:unhideWhenUsed/>
    <w:qFormat/>
    <w:rsid w:val="00517567"/>
    <w:pPr>
      <w:keepNext/>
      <w:keepLines/>
      <w:numPr>
        <w:ilvl w:val="8"/>
        <w:numId w:val="20"/>
      </w:numPr>
      <w:spacing w:before="40" w:after="0"/>
      <w:outlineLvl w:val="8"/>
    </w:pPr>
    <w:rPr>
      <w:b/>
      <w:bCs/>
      <w:i/>
      <w:iCs/>
    </w:rPr>
  </w:style>
  <w:style w:type="character" w:default="1" w:styleId="DefaultParagraphFont">
    <w:name w:val="Default Paragraph Font"/>
    <w:uiPriority w:val="1"/>
    <w:semiHidden/>
    <w:unhideWhenUsed/>
  </w:style>
  <w:style w:type="table" w:default="1" w:styleId="TableNormal">
    <w:name w:val="Normal Table"/>
    <w:uiPriority w:val="99"/>
    <w:semiHidden/>
    <w:unhideWhenUsed/>
    <w:tblPr>
      <w:tblInd w:w="0" w:type="dxa"/>
      <w:tblCellMar>
        <w:top w:w="0" w:type="dxa"/>
        <w:left w:w="108" w:type="dxa"/>
        <w:bottom w:w="0" w:type="dxa"/>
        <w:right w:w="108" w:type="dxa"/>
      </w:tblCellMar>
    </w:tblPr>
  </w:style>
  <w:style w:type="numbering" w:default="1" w:styleId="NoList">
    <w:name w:val="No List"/>
    <w:uiPriority w:val="99"/>
    <w:semiHidden/>
    <w:unhideWhenUsed/>
  </w:style>
  <w:style w:type="character" w:customStyle="1" w:styleId="Heading1Char">
    <w:name w:val="Heading 1 Char"/>
    <w:basedOn w:val="DefaultParagraphFont"/>
    <w:link w:val="Heading1"/>
    <w:uiPriority w:val="9"/>
    <w:rsid w:val="00D21398"/>
    <w:rPr>
      <w:rFonts w:eastAsia="Times New Roman" w:cstheme="majorBidi"/>
      <w:b/>
      <w:sz w:val="28"/>
      <w:szCs w:val="28"/>
    </w:rPr>
  </w:style>
  <w:style w:type="character" w:customStyle="1" w:styleId="Heading2Char">
    <w:name w:val="Heading 2 Char"/>
    <w:basedOn w:val="DefaultParagraphFont"/>
    <w:link w:val="Heading2"/>
    <w:uiPriority w:val="9"/>
    <w:rsid w:val="00A52C16"/>
    <w:rPr>
      <w:rFonts w:eastAsia="Times New Roman" w:cstheme="majorBidi"/>
      <w:b/>
      <w:sz w:val="24"/>
      <w:szCs w:val="24"/>
    </w:rPr>
  </w:style>
  <w:style w:type="character" w:customStyle="1" w:styleId="Heading3Char">
    <w:name w:val="Heading 3 Char"/>
    <w:basedOn w:val="DefaultParagraphFont"/>
    <w:link w:val="Heading3"/>
    <w:uiPriority w:val="9"/>
    <w:rsid w:val="00BA0F2A"/>
    <w:rPr>
      <w:rFonts w:eastAsia="Calibri" w:cstheme="majorBidi"/>
      <w:b/>
      <w:sz w:val="24"/>
      <w:szCs w:val="24"/>
    </w:rPr>
  </w:style>
  <w:style w:type="character" w:customStyle="1" w:styleId="Heading4Char">
    <w:name w:val="Heading 4 Char"/>
    <w:basedOn w:val="DefaultParagraphFont"/>
    <w:link w:val="Heading4"/>
    <w:uiPriority w:val="9"/>
    <w:rsid w:val="00A52C16"/>
    <w:rPr>
      <w:rFonts w:ascii="Calibri" w:eastAsiaTheme="majorEastAsia" w:hAnsi="Calibri" w:cstheme="majorBidi"/>
      <w:b/>
      <w:iCs/>
      <w:sz w:val="24"/>
      <w:szCs w:val="30"/>
    </w:rPr>
  </w:style>
  <w:style w:type="character" w:customStyle="1" w:styleId="Heading5Char">
    <w:name w:val="Heading 5 Char"/>
    <w:basedOn w:val="DefaultParagraphFont"/>
    <w:link w:val="Heading5"/>
    <w:uiPriority w:val="9"/>
    <w:rsid w:val="00A52C16"/>
    <w:rPr>
      <w:rFonts w:ascii="Calibri" w:eastAsiaTheme="majorEastAsia" w:hAnsi="Calibri" w:cstheme="majorBidi"/>
      <w:b/>
      <w:sz w:val="24"/>
      <w:szCs w:val="28"/>
    </w:rPr>
  </w:style>
  <w:style w:type="character" w:customStyle="1" w:styleId="Heading6Char">
    <w:name w:val="Heading 6 Char"/>
    <w:aliases w:val="(nicht verwenden1) Char"/>
    <w:basedOn w:val="DefaultParagraphFont"/>
    <w:link w:val="Heading6"/>
    <w:uiPriority w:val="9"/>
    <w:semiHidden/>
    <w:rsid w:val="00517567"/>
    <w:rPr>
      <w:rFonts w:asciiTheme="majorHAnsi" w:eastAsiaTheme="majorEastAsia" w:hAnsiTheme="majorHAnsi" w:cstheme="majorBidi"/>
      <w:i/>
      <w:iCs/>
      <w:sz w:val="26"/>
      <w:szCs w:val="26"/>
    </w:rPr>
  </w:style>
  <w:style w:type="character" w:customStyle="1" w:styleId="Heading7Char">
    <w:name w:val="Heading 7 Char"/>
    <w:aliases w:val="(nicht verwenden7) Char"/>
    <w:basedOn w:val="DefaultParagraphFont"/>
    <w:link w:val="Heading7"/>
    <w:uiPriority w:val="9"/>
    <w:semiHidden/>
    <w:rsid w:val="00517567"/>
    <w:rPr>
      <w:rFonts w:asciiTheme="majorHAnsi" w:eastAsiaTheme="majorEastAsia" w:hAnsiTheme="majorHAnsi" w:cstheme="majorBidi"/>
      <w:sz w:val="24"/>
      <w:szCs w:val="24"/>
    </w:rPr>
  </w:style>
  <w:style w:type="character" w:customStyle="1" w:styleId="Heading8Char">
    <w:name w:val="Heading 8 Char"/>
    <w:basedOn w:val="DefaultParagraphFont"/>
    <w:link w:val="Heading8"/>
    <w:uiPriority w:val="9"/>
    <w:semiHidden/>
    <w:rsid w:val="00517567"/>
    <w:rPr>
      <w:rFonts w:asciiTheme="majorHAnsi" w:eastAsiaTheme="majorEastAsia" w:hAnsiTheme="majorHAnsi" w:cstheme="majorBidi"/>
      <w:i/>
      <w:iCs/>
      <w:sz w:val="22"/>
      <w:szCs w:val="22"/>
    </w:rPr>
  </w:style>
  <w:style w:type="character" w:customStyle="1" w:styleId="Heading9Char">
    <w:name w:val="Heading 9 Char"/>
    <w:basedOn w:val="DefaultParagraphFont"/>
    <w:link w:val="Heading9"/>
    <w:uiPriority w:val="9"/>
    <w:semiHidden/>
    <w:rsid w:val="00517567"/>
    <w:rPr>
      <w:b/>
      <w:bCs/>
      <w:i/>
      <w:iCs/>
    </w:rPr>
  </w:style>
  <w:style w:type="paragraph" w:styleId="Caption">
    <w:name w:val="caption"/>
    <w:aliases w:val="Caption - 2A"/>
    <w:next w:val="Normal"/>
    <w:autoRedefine/>
    <w:uiPriority w:val="35"/>
    <w:unhideWhenUsed/>
    <w:qFormat/>
    <w:rsid w:val="0038299B"/>
    <w:pPr>
      <w:keepNext/>
      <w:spacing w:after="0" w:line="240" w:lineRule="auto"/>
      <w:ind w:left="634"/>
    </w:pPr>
    <w:rPr>
      <w:b/>
      <w:bCs/>
      <w:sz w:val="22"/>
      <w:szCs w:val="16"/>
    </w:rPr>
  </w:style>
  <w:style w:type="paragraph" w:styleId="Title">
    <w:name w:val="Title"/>
    <w:basedOn w:val="Normal"/>
    <w:next w:val="Normal"/>
    <w:link w:val="TitleChar"/>
    <w:uiPriority w:val="10"/>
    <w:qFormat/>
    <w:rsid w:val="00517567"/>
    <w:pPr>
      <w:pBdr>
        <w:top w:val="single" w:sz="6" w:space="8" w:color="A5A5A5" w:themeColor="accent3"/>
        <w:bottom w:val="single" w:sz="6" w:space="8" w:color="A5A5A5" w:themeColor="accent3"/>
      </w:pBdr>
      <w:spacing w:after="400"/>
      <w:contextualSpacing/>
      <w:jc w:val="center"/>
    </w:pPr>
    <w:rPr>
      <w:rFonts w:asciiTheme="majorHAnsi" w:eastAsiaTheme="majorEastAsia" w:hAnsiTheme="majorHAnsi" w:cstheme="majorBidi"/>
      <w:caps/>
      <w:color w:val="44546A" w:themeColor="text2"/>
      <w:spacing w:val="30"/>
      <w:sz w:val="72"/>
      <w:szCs w:val="72"/>
    </w:rPr>
  </w:style>
  <w:style w:type="character" w:customStyle="1" w:styleId="TitleChar">
    <w:name w:val="Title Char"/>
    <w:basedOn w:val="DefaultParagraphFont"/>
    <w:link w:val="Title"/>
    <w:uiPriority w:val="10"/>
    <w:rsid w:val="00517567"/>
    <w:rPr>
      <w:rFonts w:asciiTheme="majorHAnsi" w:eastAsiaTheme="majorEastAsia" w:hAnsiTheme="majorHAnsi" w:cstheme="majorBidi"/>
      <w:caps/>
      <w:color w:val="44546A" w:themeColor="text2"/>
      <w:spacing w:val="30"/>
      <w:sz w:val="72"/>
      <w:szCs w:val="72"/>
    </w:rPr>
  </w:style>
  <w:style w:type="paragraph" w:styleId="Subtitle">
    <w:name w:val="Subtitle"/>
    <w:basedOn w:val="Normal"/>
    <w:next w:val="Normal"/>
    <w:link w:val="SubtitleChar"/>
    <w:uiPriority w:val="11"/>
    <w:qFormat/>
    <w:rsid w:val="00657715"/>
    <w:pPr>
      <w:keepNext/>
      <w:numPr>
        <w:ilvl w:val="1"/>
      </w:numPr>
    </w:pPr>
    <w:rPr>
      <w:b/>
      <w:sz w:val="24"/>
      <w:szCs w:val="24"/>
    </w:rPr>
  </w:style>
  <w:style w:type="character" w:customStyle="1" w:styleId="SubtitleChar">
    <w:name w:val="Subtitle Char"/>
    <w:basedOn w:val="DefaultParagraphFont"/>
    <w:link w:val="Subtitle"/>
    <w:uiPriority w:val="11"/>
    <w:rsid w:val="00657715"/>
    <w:rPr>
      <w:b/>
      <w:sz w:val="24"/>
      <w:szCs w:val="24"/>
    </w:rPr>
  </w:style>
  <w:style w:type="character" w:styleId="Strong">
    <w:name w:val="Strong"/>
    <w:basedOn w:val="DefaultParagraphFont"/>
    <w:uiPriority w:val="22"/>
    <w:qFormat/>
    <w:rsid w:val="00517567"/>
    <w:rPr>
      <w:b/>
      <w:bCs/>
    </w:rPr>
  </w:style>
  <w:style w:type="character" w:styleId="Emphasis">
    <w:name w:val="Emphasis"/>
    <w:basedOn w:val="DefaultParagraphFont"/>
    <w:uiPriority w:val="20"/>
    <w:qFormat/>
    <w:rsid w:val="00517567"/>
    <w:rPr>
      <w:i/>
      <w:iCs/>
      <w:color w:val="000000" w:themeColor="text1"/>
    </w:rPr>
  </w:style>
  <w:style w:type="paragraph" w:styleId="NoSpacing">
    <w:name w:val="No Spacing"/>
    <w:uiPriority w:val="1"/>
    <w:qFormat/>
    <w:rsid w:val="00517567"/>
    <w:pPr>
      <w:spacing w:after="0" w:line="240" w:lineRule="auto"/>
    </w:pPr>
  </w:style>
  <w:style w:type="paragraph" w:styleId="Quote">
    <w:name w:val="Quote"/>
    <w:basedOn w:val="Normal"/>
    <w:next w:val="Normal"/>
    <w:link w:val="QuoteChar"/>
    <w:uiPriority w:val="29"/>
    <w:qFormat/>
    <w:rsid w:val="00517567"/>
    <w:pPr>
      <w:spacing w:before="160"/>
      <w:ind w:left="720" w:right="720"/>
      <w:jc w:val="center"/>
    </w:pPr>
    <w:rPr>
      <w:i/>
      <w:iCs/>
      <w:color w:val="7B7B7B" w:themeColor="accent3" w:themeShade="BF"/>
      <w:sz w:val="24"/>
      <w:szCs w:val="24"/>
    </w:rPr>
  </w:style>
  <w:style w:type="character" w:customStyle="1" w:styleId="QuoteChar">
    <w:name w:val="Quote Char"/>
    <w:basedOn w:val="DefaultParagraphFont"/>
    <w:link w:val="Quote"/>
    <w:uiPriority w:val="29"/>
    <w:rsid w:val="00517567"/>
    <w:rPr>
      <w:i/>
      <w:iCs/>
      <w:color w:val="7B7B7B" w:themeColor="accent3" w:themeShade="BF"/>
      <w:sz w:val="24"/>
      <w:szCs w:val="24"/>
    </w:rPr>
  </w:style>
  <w:style w:type="paragraph" w:styleId="IntenseQuote">
    <w:name w:val="Intense Quote"/>
    <w:basedOn w:val="Normal"/>
    <w:next w:val="Normal"/>
    <w:link w:val="IntenseQuoteChar"/>
    <w:uiPriority w:val="30"/>
    <w:qFormat/>
    <w:rsid w:val="00517567"/>
    <w:pPr>
      <w:spacing w:before="160" w:line="276" w:lineRule="auto"/>
      <w:ind w:left="936" w:right="936"/>
      <w:jc w:val="center"/>
    </w:pPr>
    <w:rPr>
      <w:rFonts w:asciiTheme="majorHAnsi" w:eastAsiaTheme="majorEastAsia" w:hAnsiTheme="majorHAnsi" w:cstheme="majorBidi"/>
      <w:caps/>
      <w:color w:val="2E74B5" w:themeColor="accent1" w:themeShade="BF"/>
      <w:sz w:val="28"/>
      <w:szCs w:val="28"/>
    </w:rPr>
  </w:style>
  <w:style w:type="character" w:customStyle="1" w:styleId="IntenseQuoteChar">
    <w:name w:val="Intense Quote Char"/>
    <w:basedOn w:val="DefaultParagraphFont"/>
    <w:link w:val="IntenseQuote"/>
    <w:uiPriority w:val="30"/>
    <w:rsid w:val="00517567"/>
    <w:rPr>
      <w:rFonts w:asciiTheme="majorHAnsi" w:eastAsiaTheme="majorEastAsia" w:hAnsiTheme="majorHAnsi" w:cstheme="majorBidi"/>
      <w:caps/>
      <w:color w:val="2E74B5" w:themeColor="accent1" w:themeShade="BF"/>
      <w:sz w:val="28"/>
      <w:szCs w:val="28"/>
    </w:rPr>
  </w:style>
  <w:style w:type="character" w:styleId="SubtleEmphasis">
    <w:name w:val="Subtle Emphasis"/>
    <w:basedOn w:val="DefaultParagraphFont"/>
    <w:uiPriority w:val="19"/>
    <w:qFormat/>
    <w:rsid w:val="00517567"/>
    <w:rPr>
      <w:i/>
      <w:iCs/>
      <w:color w:val="595959" w:themeColor="text1" w:themeTint="A6"/>
    </w:rPr>
  </w:style>
  <w:style w:type="character" w:styleId="IntenseEmphasis">
    <w:name w:val="Intense Emphasis"/>
    <w:basedOn w:val="DefaultParagraphFont"/>
    <w:uiPriority w:val="21"/>
    <w:qFormat/>
    <w:rsid w:val="00517567"/>
    <w:rPr>
      <w:b/>
      <w:bCs/>
      <w:i/>
      <w:iCs/>
      <w:color w:val="auto"/>
    </w:rPr>
  </w:style>
  <w:style w:type="character" w:styleId="SubtleReference">
    <w:name w:val="Subtle Reference"/>
    <w:basedOn w:val="DefaultParagraphFont"/>
    <w:uiPriority w:val="31"/>
    <w:qFormat/>
    <w:rsid w:val="00517567"/>
    <w:rPr>
      <w:caps w:val="0"/>
      <w:smallCaps/>
      <w:color w:val="404040" w:themeColor="text1" w:themeTint="BF"/>
      <w:spacing w:val="0"/>
      <w:u w:val="single" w:color="7F7F7F" w:themeColor="text1" w:themeTint="80"/>
    </w:rPr>
  </w:style>
  <w:style w:type="character" w:styleId="IntenseReference">
    <w:name w:val="Intense Reference"/>
    <w:basedOn w:val="DefaultParagraphFont"/>
    <w:uiPriority w:val="32"/>
    <w:qFormat/>
    <w:rsid w:val="00517567"/>
    <w:rPr>
      <w:b/>
      <w:bCs/>
      <w:caps w:val="0"/>
      <w:smallCaps/>
      <w:color w:val="auto"/>
      <w:spacing w:val="0"/>
      <w:u w:val="single"/>
    </w:rPr>
  </w:style>
  <w:style w:type="character" w:styleId="BookTitle">
    <w:name w:val="Book Title"/>
    <w:basedOn w:val="DefaultParagraphFont"/>
    <w:uiPriority w:val="33"/>
    <w:qFormat/>
    <w:rsid w:val="00517567"/>
    <w:rPr>
      <w:b/>
      <w:bCs/>
      <w:caps w:val="0"/>
      <w:smallCaps/>
      <w:spacing w:val="0"/>
    </w:rPr>
  </w:style>
  <w:style w:type="paragraph" w:styleId="TOCHeading">
    <w:name w:val="TOC Heading"/>
    <w:basedOn w:val="Heading1"/>
    <w:next w:val="Normal"/>
    <w:uiPriority w:val="39"/>
    <w:semiHidden/>
    <w:unhideWhenUsed/>
    <w:qFormat/>
    <w:rsid w:val="00517567"/>
    <w:pPr>
      <w:outlineLvl w:val="9"/>
    </w:pPr>
  </w:style>
  <w:style w:type="character" w:styleId="PlaceholderText">
    <w:name w:val="Placeholder Text"/>
    <w:basedOn w:val="DefaultParagraphFont"/>
    <w:uiPriority w:val="99"/>
    <w:semiHidden/>
    <w:rsid w:val="00517567"/>
    <w:rPr>
      <w:color w:val="808080"/>
    </w:rPr>
  </w:style>
  <w:style w:type="table" w:styleId="TableGrid">
    <w:name w:val="Table Grid"/>
    <w:basedOn w:val="TableNormal"/>
    <w:uiPriority w:val="59"/>
    <w:rsid w:val="00517567"/>
    <w:pPr>
      <w:spacing w:after="0" w:line="240" w:lineRule="auto"/>
    </w:pPr>
    <w:tblPr>
      <w:tblBorders>
        <w:top w:val="single" w:sz="4" w:space="0" w:color="auto"/>
        <w:left w:val="single" w:sz="4" w:space="0" w:color="auto"/>
        <w:bottom w:val="single" w:sz="4" w:space="0" w:color="auto"/>
        <w:right w:val="single" w:sz="4" w:space="0" w:color="auto"/>
        <w:insideH w:val="single" w:sz="4" w:space="0" w:color="auto"/>
        <w:insideV w:val="single" w:sz="4" w:space="0" w:color="auto"/>
      </w:tblBorders>
    </w:tblPr>
  </w:style>
  <w:style w:type="paragraph" w:styleId="BalloonText">
    <w:name w:val="Balloon Text"/>
    <w:basedOn w:val="Normal"/>
    <w:link w:val="BalloonTextChar"/>
    <w:uiPriority w:val="99"/>
    <w:semiHidden/>
    <w:unhideWhenUsed/>
    <w:rsid w:val="00517567"/>
    <w:pPr>
      <w:spacing w:after="0"/>
    </w:pPr>
    <w:rPr>
      <w:rFonts w:ascii="Segoe UI" w:hAnsi="Segoe UI" w:cs="Segoe UI"/>
      <w:sz w:val="18"/>
      <w:szCs w:val="18"/>
    </w:rPr>
  </w:style>
  <w:style w:type="character" w:customStyle="1" w:styleId="BalloonTextChar">
    <w:name w:val="Balloon Text Char"/>
    <w:basedOn w:val="DefaultParagraphFont"/>
    <w:link w:val="BalloonText"/>
    <w:uiPriority w:val="99"/>
    <w:semiHidden/>
    <w:rsid w:val="00517567"/>
    <w:rPr>
      <w:rFonts w:ascii="Segoe UI" w:hAnsi="Segoe UI" w:cs="Segoe UI"/>
      <w:sz w:val="18"/>
      <w:szCs w:val="18"/>
    </w:rPr>
  </w:style>
  <w:style w:type="character" w:styleId="CommentReference">
    <w:name w:val="annotation reference"/>
    <w:basedOn w:val="DefaultParagraphFont"/>
    <w:uiPriority w:val="99"/>
    <w:unhideWhenUsed/>
    <w:rsid w:val="000B21F9"/>
    <w:rPr>
      <w:sz w:val="16"/>
      <w:szCs w:val="16"/>
    </w:rPr>
  </w:style>
  <w:style w:type="paragraph" w:styleId="CommentText">
    <w:name w:val="annotation text"/>
    <w:basedOn w:val="Normal"/>
    <w:link w:val="CommentTextChar"/>
    <w:uiPriority w:val="99"/>
    <w:unhideWhenUsed/>
    <w:qFormat/>
    <w:rsid w:val="000B21F9"/>
    <w:rPr>
      <w:sz w:val="20"/>
      <w:szCs w:val="20"/>
    </w:rPr>
  </w:style>
  <w:style w:type="character" w:customStyle="1" w:styleId="CommentTextChar">
    <w:name w:val="Comment Text Char"/>
    <w:basedOn w:val="DefaultParagraphFont"/>
    <w:link w:val="CommentText"/>
    <w:uiPriority w:val="99"/>
    <w:rsid w:val="000B21F9"/>
    <w:rPr>
      <w:sz w:val="20"/>
      <w:szCs w:val="20"/>
    </w:rPr>
  </w:style>
  <w:style w:type="paragraph" w:styleId="CommentSubject">
    <w:name w:val="annotation subject"/>
    <w:basedOn w:val="CommentText"/>
    <w:next w:val="CommentText"/>
    <w:link w:val="CommentSubjectChar"/>
    <w:uiPriority w:val="99"/>
    <w:semiHidden/>
    <w:unhideWhenUsed/>
    <w:rsid w:val="000B21F9"/>
    <w:rPr>
      <w:b/>
      <w:bCs/>
    </w:rPr>
  </w:style>
  <w:style w:type="character" w:customStyle="1" w:styleId="CommentSubjectChar">
    <w:name w:val="Comment Subject Char"/>
    <w:basedOn w:val="CommentTextChar"/>
    <w:link w:val="CommentSubject"/>
    <w:uiPriority w:val="99"/>
    <w:semiHidden/>
    <w:rsid w:val="000B21F9"/>
    <w:rPr>
      <w:b/>
      <w:bCs/>
      <w:sz w:val="20"/>
      <w:szCs w:val="20"/>
    </w:rPr>
  </w:style>
  <w:style w:type="paragraph" w:styleId="Header">
    <w:name w:val="header"/>
    <w:link w:val="HeaderChar"/>
    <w:uiPriority w:val="99"/>
    <w:unhideWhenUsed/>
    <w:rsid w:val="00657715"/>
    <w:pPr>
      <w:tabs>
        <w:tab w:val="right" w:pos="9360"/>
      </w:tabs>
      <w:spacing w:after="0" w:line="240" w:lineRule="auto"/>
    </w:pPr>
  </w:style>
  <w:style w:type="character" w:customStyle="1" w:styleId="HeaderChar">
    <w:name w:val="Header Char"/>
    <w:basedOn w:val="DefaultParagraphFont"/>
    <w:link w:val="Header"/>
    <w:uiPriority w:val="99"/>
    <w:rsid w:val="00657715"/>
  </w:style>
  <w:style w:type="paragraph" w:styleId="Footer">
    <w:name w:val="footer"/>
    <w:basedOn w:val="Normal"/>
    <w:link w:val="FooterChar"/>
    <w:unhideWhenUsed/>
    <w:rsid w:val="00123F58"/>
    <w:pPr>
      <w:tabs>
        <w:tab w:val="left" w:pos="780"/>
        <w:tab w:val="right" w:pos="9360"/>
      </w:tabs>
      <w:spacing w:after="0"/>
    </w:pPr>
  </w:style>
  <w:style w:type="character" w:customStyle="1" w:styleId="FooterChar">
    <w:name w:val="Footer Char"/>
    <w:basedOn w:val="DefaultParagraphFont"/>
    <w:link w:val="Footer"/>
    <w:rsid w:val="00123F58"/>
    <w:rPr>
      <w:sz w:val="22"/>
      <w:szCs w:val="22"/>
    </w:rPr>
  </w:style>
  <w:style w:type="paragraph" w:styleId="NormalWeb">
    <w:name w:val="Normal (Web)"/>
    <w:basedOn w:val="Normal"/>
    <w:uiPriority w:val="99"/>
    <w:unhideWhenUsed/>
    <w:rsid w:val="00445639"/>
    <w:pPr>
      <w:spacing w:before="100" w:beforeAutospacing="1" w:after="100" w:afterAutospacing="1"/>
    </w:pPr>
    <w:rPr>
      <w:rFonts w:ascii="Times New Roman" w:eastAsia="Times New Roman" w:hAnsi="Times New Roman" w:cs="Times New Roman"/>
      <w:sz w:val="24"/>
      <w:szCs w:val="24"/>
    </w:rPr>
  </w:style>
  <w:style w:type="paragraph" w:customStyle="1" w:styleId="QuestionResponse">
    <w:name w:val="Question Response"/>
    <w:autoRedefine/>
    <w:qFormat/>
    <w:rsid w:val="003B67DC"/>
    <w:pPr>
      <w:spacing w:after="0" w:line="240" w:lineRule="auto"/>
    </w:pPr>
    <w:rPr>
      <w:rFonts w:ascii="Arial" w:eastAsia="Calibri" w:hAnsi="Arial" w:cs="Arial"/>
      <w:sz w:val="22"/>
      <w:szCs w:val="22"/>
    </w:rPr>
  </w:style>
  <w:style w:type="paragraph" w:customStyle="1" w:styleId="TableHeader">
    <w:name w:val="Table Header"/>
    <w:autoRedefine/>
    <w:qFormat/>
    <w:rsid w:val="003B67DC"/>
    <w:pPr>
      <w:keepLines/>
      <w:spacing w:after="0" w:line="240" w:lineRule="auto"/>
    </w:pPr>
    <w:rPr>
      <w:rFonts w:ascii="Arial" w:eastAsia="Calibri" w:hAnsi="Arial" w:cs="Times New Roman"/>
      <w:b/>
      <w:sz w:val="22"/>
      <w:szCs w:val="22"/>
    </w:rPr>
  </w:style>
  <w:style w:type="paragraph" w:customStyle="1" w:styleId="TableRow-Plain">
    <w:name w:val="Table Row - Plain"/>
    <w:autoRedefine/>
    <w:qFormat/>
    <w:rsid w:val="003B67DC"/>
    <w:pPr>
      <w:spacing w:after="0" w:line="240" w:lineRule="auto"/>
      <w:ind w:left="255" w:hanging="255"/>
    </w:pPr>
    <w:rPr>
      <w:rFonts w:ascii="Arial" w:eastAsia="Calibri" w:hAnsi="Arial" w:cs="Times New Roman"/>
      <w:sz w:val="22"/>
      <w:szCs w:val="22"/>
      <w:lang w:eastAsia="x-none"/>
    </w:rPr>
  </w:style>
  <w:style w:type="paragraph" w:customStyle="1" w:styleId="Default">
    <w:name w:val="Default"/>
    <w:link w:val="DefaultChar"/>
    <w:rsid w:val="00010151"/>
    <w:pPr>
      <w:widowControl w:val="0"/>
      <w:autoSpaceDE w:val="0"/>
      <w:autoSpaceDN w:val="0"/>
      <w:adjustRightInd w:val="0"/>
      <w:spacing w:after="0" w:line="240" w:lineRule="auto"/>
    </w:pPr>
    <w:rPr>
      <w:rFonts w:ascii="Verdana" w:eastAsia="Times New Roman" w:hAnsi="Verdana" w:cs="Verdana"/>
      <w:color w:val="000000"/>
      <w:sz w:val="24"/>
      <w:szCs w:val="24"/>
    </w:rPr>
  </w:style>
  <w:style w:type="paragraph" w:customStyle="1" w:styleId="TableHeader11-Center">
    <w:name w:val="Table Header 11 - Center"/>
    <w:autoRedefine/>
    <w:qFormat/>
    <w:rsid w:val="00657715"/>
    <w:pPr>
      <w:spacing w:after="0" w:line="240" w:lineRule="auto"/>
      <w:jc w:val="center"/>
    </w:pPr>
    <w:rPr>
      <w:b/>
      <w:sz w:val="22"/>
      <w:lang w:eastAsia="x-none"/>
    </w:rPr>
  </w:style>
  <w:style w:type="paragraph" w:customStyle="1" w:styleId="TableCell11-Centered">
    <w:name w:val="Table Cell 11 - Centered"/>
    <w:autoRedefine/>
    <w:qFormat/>
    <w:rsid w:val="00657715"/>
    <w:pPr>
      <w:spacing w:after="0" w:line="240" w:lineRule="auto"/>
      <w:jc w:val="center"/>
    </w:pPr>
    <w:rPr>
      <w:sz w:val="22"/>
      <w:lang w:eastAsia="x-none"/>
    </w:rPr>
  </w:style>
  <w:style w:type="paragraph" w:customStyle="1" w:styleId="TableCell11-Left">
    <w:name w:val="Table Cell 11 - Left"/>
    <w:autoRedefine/>
    <w:qFormat/>
    <w:rsid w:val="00657715"/>
    <w:pPr>
      <w:spacing w:after="0" w:line="240" w:lineRule="auto"/>
    </w:pPr>
    <w:rPr>
      <w:sz w:val="22"/>
      <w:lang w:eastAsia="x-none"/>
    </w:rPr>
  </w:style>
  <w:style w:type="character" w:customStyle="1" w:styleId="DefaultChar">
    <w:name w:val="Default Char"/>
    <w:link w:val="Default"/>
    <w:rsid w:val="004777CB"/>
    <w:rPr>
      <w:rFonts w:ascii="Verdana" w:eastAsia="Times New Roman" w:hAnsi="Verdana" w:cs="Verdana"/>
      <w:color w:val="000000"/>
      <w:sz w:val="24"/>
      <w:szCs w:val="24"/>
    </w:rPr>
  </w:style>
  <w:style w:type="paragraph" w:customStyle="1" w:styleId="ListparagraphH1">
    <w:name w:val="List paragraph H1"/>
    <w:basedOn w:val="ListParagraph"/>
    <w:link w:val="ListparagraphH1Char"/>
    <w:qFormat/>
    <w:rsid w:val="004777CB"/>
    <w:pPr>
      <w:spacing w:line="300" w:lineRule="auto"/>
      <w:ind w:left="0"/>
    </w:pPr>
    <w:rPr>
      <w:rFonts w:eastAsia="Calibri" w:cs="Times New Roman"/>
      <w:szCs w:val="24"/>
    </w:rPr>
  </w:style>
  <w:style w:type="character" w:customStyle="1" w:styleId="ListparagraphH1Char">
    <w:name w:val="List paragraph H1 Char"/>
    <w:link w:val="ListparagraphH1"/>
    <w:rsid w:val="004777CB"/>
    <w:rPr>
      <w:rFonts w:eastAsia="Calibri" w:cs="Times New Roman"/>
      <w:sz w:val="22"/>
      <w:szCs w:val="24"/>
    </w:rPr>
  </w:style>
  <w:style w:type="paragraph" w:customStyle="1" w:styleId="TableBullet11-Level2">
    <w:name w:val="Table Bullet 11 - Level 2"/>
    <w:autoRedefine/>
    <w:qFormat/>
    <w:rsid w:val="00A47384"/>
    <w:pPr>
      <w:numPr>
        <w:numId w:val="17"/>
      </w:numPr>
      <w:spacing w:after="0" w:line="240" w:lineRule="auto"/>
      <w:ind w:left="1050"/>
      <w:contextualSpacing/>
      <w:jc w:val="both"/>
    </w:pPr>
    <w:rPr>
      <w:rFonts w:ascii="Calibri" w:eastAsia="Times New Roman" w:hAnsi="Calibri" w:cs="Arial"/>
      <w:sz w:val="22"/>
      <w:szCs w:val="20"/>
      <w:lang w:eastAsia="de-CH"/>
    </w:rPr>
  </w:style>
  <w:style w:type="paragraph" w:styleId="ListParagraph">
    <w:name w:val="List Paragraph"/>
    <w:basedOn w:val="Normal"/>
    <w:uiPriority w:val="34"/>
    <w:qFormat/>
    <w:rsid w:val="004777CB"/>
    <w:pPr>
      <w:ind w:left="720"/>
      <w:contextualSpacing/>
    </w:pPr>
  </w:style>
  <w:style w:type="paragraph" w:customStyle="1" w:styleId="TableBullet11-Level1">
    <w:name w:val="Table Bullet 11 - Level 1"/>
    <w:autoRedefine/>
    <w:qFormat/>
    <w:rsid w:val="008B5567"/>
    <w:pPr>
      <w:numPr>
        <w:numId w:val="13"/>
      </w:numPr>
      <w:spacing w:after="0" w:line="240" w:lineRule="auto"/>
      <w:ind w:left="690"/>
      <w:contextualSpacing/>
      <w:jc w:val="both"/>
    </w:pPr>
    <w:rPr>
      <w:rFonts w:ascii="Calibri" w:eastAsia="Times New Roman" w:hAnsi="Calibri" w:cs="Arial"/>
      <w:sz w:val="22"/>
      <w:szCs w:val="20"/>
      <w:lang w:eastAsia="de-CH"/>
    </w:rPr>
  </w:style>
  <w:style w:type="paragraph" w:customStyle="1" w:styleId="NormalItalic">
    <w:name w:val="Normal Italic"/>
    <w:autoRedefine/>
    <w:qFormat/>
    <w:rsid w:val="004777CB"/>
    <w:pPr>
      <w:spacing w:after="120" w:line="240" w:lineRule="auto"/>
      <w:jc w:val="both"/>
    </w:pPr>
    <w:rPr>
      <w:rFonts w:ascii="Calibri" w:eastAsia="Times New Roman" w:hAnsi="Calibri" w:cs="Times New Roman"/>
      <w:i/>
      <w:sz w:val="20"/>
      <w:szCs w:val="20"/>
    </w:rPr>
  </w:style>
  <w:style w:type="paragraph" w:customStyle="1" w:styleId="TableHeader11-Left">
    <w:name w:val="Table Header 11 - Left"/>
    <w:autoRedefine/>
    <w:qFormat/>
    <w:rsid w:val="00C736D7"/>
    <w:pPr>
      <w:spacing w:after="0" w:line="240" w:lineRule="auto"/>
    </w:pPr>
    <w:rPr>
      <w:rFonts w:eastAsia="Times New Roman" w:cs="Arial"/>
      <w:b/>
      <w:sz w:val="22"/>
      <w:szCs w:val="20"/>
    </w:rPr>
  </w:style>
  <w:style w:type="paragraph" w:customStyle="1" w:styleId="TableBullet11-Level3">
    <w:name w:val="Table Bullet 11 - Level 3"/>
    <w:autoRedefine/>
    <w:qFormat/>
    <w:rsid w:val="00250C6D"/>
    <w:pPr>
      <w:numPr>
        <w:numId w:val="18"/>
      </w:numPr>
      <w:spacing w:after="0" w:line="240" w:lineRule="auto"/>
      <w:ind w:left="2143"/>
      <w:jc w:val="both"/>
    </w:pPr>
    <w:rPr>
      <w:rFonts w:ascii="Calibri" w:eastAsia="Times New Roman" w:hAnsi="Calibri" w:cs="Arial"/>
      <w:sz w:val="22"/>
      <w:szCs w:val="20"/>
      <w:lang w:eastAsia="de-CH"/>
    </w:rPr>
  </w:style>
  <w:style w:type="paragraph" w:customStyle="1" w:styleId="NormalItalic-Level2">
    <w:name w:val="Normal Italic - Level 2"/>
    <w:autoRedefine/>
    <w:qFormat/>
    <w:rsid w:val="00FE3BFB"/>
    <w:pPr>
      <w:spacing w:after="120" w:line="240" w:lineRule="auto"/>
      <w:ind w:left="450"/>
      <w:jc w:val="both"/>
    </w:pPr>
    <w:rPr>
      <w:rFonts w:ascii="Calibri" w:eastAsia="Times New Roman" w:hAnsi="Calibri" w:cs="Times New Roman"/>
      <w:i/>
      <w:sz w:val="22"/>
      <w:szCs w:val="20"/>
    </w:rPr>
  </w:style>
  <w:style w:type="paragraph" w:customStyle="1" w:styleId="Bullet-Level2">
    <w:name w:val="Bullet - Level 2"/>
    <w:autoRedefine/>
    <w:qFormat/>
    <w:rsid w:val="00E13E89"/>
    <w:pPr>
      <w:numPr>
        <w:numId w:val="27"/>
      </w:numPr>
      <w:spacing w:after="0" w:line="240" w:lineRule="auto"/>
      <w:ind w:left="1080"/>
      <w:contextualSpacing/>
      <w:jc w:val="both"/>
    </w:pPr>
    <w:rPr>
      <w:rFonts w:ascii="Calibri" w:eastAsia="Times New Roman" w:hAnsi="Calibri" w:cs="Times New Roman"/>
      <w:sz w:val="22"/>
      <w:szCs w:val="22"/>
    </w:rPr>
  </w:style>
  <w:style w:type="paragraph" w:customStyle="1" w:styleId="Body-Level2B">
    <w:name w:val="Body - Level 2B"/>
    <w:autoRedefine/>
    <w:qFormat/>
    <w:rsid w:val="00DC1DF9"/>
    <w:pPr>
      <w:spacing w:after="120" w:line="240" w:lineRule="auto"/>
      <w:ind w:left="720"/>
      <w:jc w:val="both"/>
    </w:pPr>
    <w:rPr>
      <w:rFonts w:ascii="Calibri" w:eastAsia="Times New Roman" w:hAnsi="Calibri" w:cs="Times New Roman"/>
      <w:sz w:val="22"/>
      <w:szCs w:val="22"/>
    </w:rPr>
  </w:style>
  <w:style w:type="paragraph" w:customStyle="1" w:styleId="Body-Level1">
    <w:name w:val="Body - Level 1"/>
    <w:autoRedefine/>
    <w:qFormat/>
    <w:rsid w:val="00904C8C"/>
    <w:pPr>
      <w:spacing w:after="120" w:line="240" w:lineRule="auto"/>
      <w:ind w:left="450"/>
      <w:jc w:val="both"/>
    </w:pPr>
    <w:rPr>
      <w:rFonts w:ascii="Calibri" w:eastAsia="Times New Roman" w:hAnsi="Calibri" w:cs="Times New Roman"/>
      <w:sz w:val="22"/>
      <w:szCs w:val="22"/>
      <w:lang w:eastAsia="de-CH"/>
    </w:rPr>
  </w:style>
  <w:style w:type="paragraph" w:customStyle="1" w:styleId="Bullet-Level1">
    <w:name w:val="Bullet - Level 1"/>
    <w:autoRedefine/>
    <w:qFormat/>
    <w:rsid w:val="00904C8C"/>
    <w:pPr>
      <w:numPr>
        <w:numId w:val="24"/>
      </w:numPr>
      <w:spacing w:after="120" w:line="240" w:lineRule="auto"/>
      <w:ind w:left="806"/>
      <w:jc w:val="both"/>
    </w:pPr>
    <w:rPr>
      <w:rFonts w:ascii="Calibri" w:eastAsia="Times New Roman" w:hAnsi="Calibri" w:cs="Times New Roman"/>
      <w:sz w:val="22"/>
      <w:szCs w:val="22"/>
      <w:lang w:eastAsia="de-CH"/>
    </w:rPr>
  </w:style>
  <w:style w:type="paragraph" w:customStyle="1" w:styleId="BulletHeader-Level2">
    <w:name w:val="Bullet Header - Level 2"/>
    <w:autoRedefine/>
    <w:qFormat/>
    <w:rsid w:val="0038299B"/>
    <w:pPr>
      <w:keepNext/>
      <w:numPr>
        <w:numId w:val="25"/>
      </w:numPr>
      <w:spacing w:after="120" w:line="240" w:lineRule="auto"/>
      <w:jc w:val="both"/>
    </w:pPr>
    <w:rPr>
      <w:rFonts w:ascii="Calibri" w:eastAsia="Times New Roman" w:hAnsi="Calibri" w:cs="Times New Roman"/>
      <w:b/>
      <w:sz w:val="22"/>
      <w:szCs w:val="22"/>
      <w:lang w:eastAsia="de-CH"/>
    </w:rPr>
  </w:style>
  <w:style w:type="paragraph" w:customStyle="1" w:styleId="TableBox11-Left">
    <w:name w:val="Table Box 11 - Left"/>
    <w:autoRedefine/>
    <w:qFormat/>
    <w:rsid w:val="00DC1DF9"/>
    <w:pPr>
      <w:tabs>
        <w:tab w:val="left" w:pos="421"/>
      </w:tabs>
      <w:spacing w:after="0" w:line="240" w:lineRule="auto"/>
      <w:ind w:left="418" w:hanging="418"/>
    </w:pPr>
    <w:rPr>
      <w:rFonts w:eastAsia="Calibri"/>
      <w:sz w:val="22"/>
      <w:lang w:eastAsia="x-none"/>
    </w:rPr>
  </w:style>
  <w:style w:type="paragraph" w:customStyle="1" w:styleId="Body-Level2A">
    <w:name w:val="Body - Level 2A"/>
    <w:autoRedefine/>
    <w:qFormat/>
    <w:rsid w:val="00D54FC7"/>
    <w:pPr>
      <w:spacing w:after="120" w:line="240" w:lineRule="auto"/>
      <w:ind w:left="450"/>
      <w:jc w:val="both"/>
    </w:pPr>
    <w:rPr>
      <w:rFonts w:ascii="Calibri" w:eastAsia="Times New Roman" w:hAnsi="Calibri" w:cs="Times New Roman"/>
      <w:color w:val="000000"/>
      <w:sz w:val="22"/>
      <w:szCs w:val="22"/>
    </w:rPr>
  </w:style>
  <w:style w:type="paragraph" w:customStyle="1" w:styleId="Bullet-Level3">
    <w:name w:val="Bullet - Level 3"/>
    <w:autoRedefine/>
    <w:qFormat/>
    <w:rsid w:val="00E13E89"/>
    <w:pPr>
      <w:numPr>
        <w:numId w:val="26"/>
      </w:numPr>
      <w:spacing w:after="0" w:line="240" w:lineRule="auto"/>
      <w:ind w:left="1354"/>
      <w:contextualSpacing/>
      <w:jc w:val="both"/>
    </w:pPr>
    <w:rPr>
      <w:rFonts w:ascii="Calibri" w:eastAsia="Times New Roman" w:hAnsi="Calibri" w:cs="Times New Roman"/>
      <w:sz w:val="22"/>
      <w:szCs w:val="22"/>
    </w:rPr>
  </w:style>
  <w:style w:type="paragraph" w:customStyle="1" w:styleId="Bullet-Level3B">
    <w:name w:val="Bullet - Level 3B"/>
    <w:autoRedefine/>
    <w:qFormat/>
    <w:rsid w:val="006A2B14"/>
    <w:pPr>
      <w:numPr>
        <w:numId w:val="28"/>
      </w:numPr>
      <w:spacing w:after="120" w:line="240" w:lineRule="auto"/>
      <w:ind w:left="1080"/>
      <w:contextualSpacing/>
      <w:jc w:val="both"/>
    </w:pPr>
    <w:rPr>
      <w:rFonts w:ascii="Calibri" w:eastAsia="Times New Roman" w:hAnsi="Calibri" w:cs="Times New Roman"/>
      <w:sz w:val="22"/>
      <w:szCs w:val="22"/>
    </w:rPr>
  </w:style>
  <w:style w:type="paragraph" w:customStyle="1" w:styleId="TableBullet11-Level0">
    <w:name w:val="Table Bullet 11 - Level 0"/>
    <w:autoRedefine/>
    <w:qFormat/>
    <w:rsid w:val="005A5670"/>
    <w:pPr>
      <w:numPr>
        <w:numId w:val="29"/>
      </w:numPr>
      <w:spacing w:after="0" w:line="240" w:lineRule="auto"/>
      <w:ind w:left="330"/>
    </w:pPr>
    <w:rPr>
      <w:rFonts w:ascii="Calibri" w:eastAsia="Times New Roman" w:hAnsi="Calibri" w:cs="Arial"/>
      <w:sz w:val="22"/>
      <w:szCs w:val="20"/>
      <w:lang w:eastAsia="de-CH"/>
    </w:rPr>
  </w:style>
  <w:style w:type="character" w:styleId="Hyperlink">
    <w:name w:val="Hyperlink"/>
    <w:basedOn w:val="DefaultParagraphFont"/>
    <w:uiPriority w:val="99"/>
    <w:unhideWhenUsed/>
    <w:rsid w:val="00CC7052"/>
    <w:rPr>
      <w:color w:val="0000FF"/>
      <w:u w:val="single"/>
    </w:rPr>
  </w:style>
  <w:style w:type="character" w:styleId="UnresolvedMention">
    <w:name w:val="Unresolved Mention"/>
    <w:basedOn w:val="DefaultParagraphFont"/>
    <w:uiPriority w:val="99"/>
    <w:semiHidden/>
    <w:unhideWhenUsed/>
    <w:rsid w:val="00DF2C20"/>
    <w:rPr>
      <w:color w:val="605E5C"/>
      <w:shd w:val="clear" w:color="auto" w:fill="E1DFDD"/>
    </w:rPr>
  </w:style>
  <w:style w:type="paragraph" w:customStyle="1" w:styleId="TableCell8-Left">
    <w:name w:val="Table Cell 8 - Left"/>
    <w:autoRedefine/>
    <w:qFormat/>
    <w:rsid w:val="00DF2C20"/>
    <w:rPr>
      <w:bCs/>
      <w:sz w:val="16"/>
      <w:szCs w:val="16"/>
      <w:lang w:eastAsia="x-none"/>
    </w:rPr>
  </w:style>
  <w:style w:type="character" w:customStyle="1" w:styleId="lblproductname">
    <w:name w:val="lblproductname"/>
    <w:basedOn w:val="DefaultParagraphFont"/>
    <w:rsid w:val="00392AE0"/>
  </w:style>
  <w:style w:type="paragraph" w:customStyle="1" w:styleId="Bullet-Level2A">
    <w:name w:val="Bullet - Level 2A"/>
    <w:autoRedefine/>
    <w:qFormat/>
    <w:rsid w:val="004D40E1"/>
    <w:pPr>
      <w:numPr>
        <w:numId w:val="32"/>
      </w:numPr>
      <w:spacing w:after="120" w:line="240" w:lineRule="auto"/>
      <w:ind w:left="994"/>
      <w:contextualSpacing/>
      <w:jc w:val="both"/>
    </w:pPr>
    <w:rPr>
      <w:rFonts w:ascii="Calibri" w:eastAsia="Times New Roman" w:hAnsi="Calibri" w:cs="Times New Roman"/>
      <w:sz w:val="22"/>
      <w:szCs w:val="22"/>
    </w:rPr>
  </w:style>
  <w:style w:type="paragraph" w:customStyle="1" w:styleId="Bullet-Level3A">
    <w:name w:val="Bullet - Level 3A"/>
    <w:autoRedefine/>
    <w:qFormat/>
    <w:rsid w:val="004D40E1"/>
    <w:pPr>
      <w:numPr>
        <w:numId w:val="33"/>
      </w:numPr>
      <w:spacing w:after="120" w:line="240" w:lineRule="auto"/>
      <w:ind w:left="1354"/>
      <w:contextualSpacing/>
      <w:jc w:val="both"/>
    </w:pPr>
    <w:rPr>
      <w:rFonts w:ascii="Calibri" w:eastAsia="Times New Roman" w:hAnsi="Calibri" w:cs="Times New Roman"/>
      <w:sz w:val="22"/>
      <w:szCs w:val="22"/>
    </w:rPr>
  </w:style>
  <w:style w:type="paragraph" w:customStyle="1" w:styleId="EndNoteBibliography">
    <w:name w:val="EndNote Bibliography"/>
    <w:basedOn w:val="Normal"/>
    <w:link w:val="EndNoteBibliographyChar"/>
    <w:rsid w:val="00832943"/>
    <w:pPr>
      <w:ind w:left="630"/>
      <w:jc w:val="both"/>
    </w:pPr>
    <w:rPr>
      <w:rFonts w:ascii="Calibri" w:hAnsi="Calibri" w:cs="Calibri"/>
      <w:noProof/>
    </w:rPr>
  </w:style>
  <w:style w:type="character" w:customStyle="1" w:styleId="EndNoteBibliographyChar">
    <w:name w:val="EndNote Bibliography Char"/>
    <w:basedOn w:val="CommentTextChar"/>
    <w:link w:val="EndNoteBibliography"/>
    <w:rsid w:val="00832943"/>
    <w:rPr>
      <w:rFonts w:ascii="Calibri" w:hAnsi="Calibri" w:cs="Calibri"/>
      <w:noProof/>
      <w:sz w:val="22"/>
      <w:szCs w:val="22"/>
    </w:rPr>
  </w:style>
  <w:style w:type="paragraph" w:customStyle="1" w:styleId="Subheader-Level2A">
    <w:name w:val="Subheader - Level 2A"/>
    <w:next w:val="Body-Level2A"/>
    <w:autoRedefine/>
    <w:qFormat/>
    <w:rsid w:val="00A52C16"/>
    <w:pPr>
      <w:keepNext/>
      <w:spacing w:after="120" w:line="240" w:lineRule="auto"/>
      <w:ind w:left="450"/>
    </w:pPr>
    <w:rPr>
      <w:rFonts w:ascii="Calibri" w:eastAsia="Times New Roman" w:hAnsi="Calibri" w:cs="Times New Roman"/>
      <w:b/>
      <w:sz w:val="22"/>
      <w:szCs w:val="22"/>
    </w:rPr>
  </w:style>
  <w:style w:type="paragraph" w:customStyle="1" w:styleId="BulletLevel5">
    <w:name w:val="Bullet Level 5"/>
    <w:autoRedefine/>
    <w:qFormat/>
    <w:rsid w:val="00D20BAD"/>
    <w:pPr>
      <w:numPr>
        <w:numId w:val="36"/>
      </w:numPr>
      <w:spacing w:after="120" w:line="240" w:lineRule="auto"/>
      <w:ind w:left="2610"/>
      <w:jc w:val="both"/>
    </w:pPr>
    <w:rPr>
      <w:rFonts w:ascii="Arial" w:eastAsia="Times New Roman" w:hAnsi="Arial" w:cs="Arial"/>
      <w:bCs/>
      <w:sz w:val="22"/>
      <w:szCs w:val="20"/>
    </w:rPr>
  </w:style>
  <w:style w:type="paragraph" w:customStyle="1" w:styleId="ReferenceLists">
    <w:name w:val="Reference Lists"/>
    <w:basedOn w:val="Normal"/>
    <w:link w:val="ReferenceListsChar"/>
    <w:qFormat/>
    <w:rsid w:val="008B5567"/>
    <w:pPr>
      <w:autoSpaceDE w:val="0"/>
      <w:autoSpaceDN w:val="0"/>
      <w:adjustRightInd w:val="0"/>
      <w:spacing w:before="60" w:after="240"/>
      <w:jc w:val="both"/>
    </w:pPr>
    <w:rPr>
      <w:rFonts w:ascii="Calibri" w:eastAsia="Times New Roman" w:hAnsi="Calibri"/>
    </w:rPr>
  </w:style>
  <w:style w:type="character" w:customStyle="1" w:styleId="ReferenceListsChar">
    <w:name w:val="Reference Lists Char"/>
    <w:basedOn w:val="DefaultParagraphFont"/>
    <w:link w:val="ReferenceLists"/>
    <w:rsid w:val="008B5567"/>
    <w:rPr>
      <w:rFonts w:ascii="Calibri" w:eastAsia="Times New Roman" w:hAnsi="Calibri"/>
      <w:sz w:val="22"/>
      <w:szCs w:val="22"/>
    </w:rPr>
  </w:style>
  <w:style w:type="paragraph" w:customStyle="1" w:styleId="TableCell10-BulletFlush">
    <w:name w:val="Table Cell 10 - Bullet Flush"/>
    <w:autoRedefine/>
    <w:qFormat/>
    <w:rsid w:val="00D43F65"/>
    <w:pPr>
      <w:numPr>
        <w:numId w:val="37"/>
      </w:numPr>
      <w:spacing w:after="0" w:line="240" w:lineRule="auto"/>
    </w:pPr>
    <w:rPr>
      <w:rFonts w:cstheme="majorBidi"/>
      <w:sz w:val="20"/>
      <w:szCs w:val="20"/>
    </w:rPr>
  </w:style>
  <w:style w:type="paragraph" w:customStyle="1" w:styleId="Figure-Centered">
    <w:name w:val="Figure - Centered"/>
    <w:qFormat/>
    <w:pPr>
      <w:spacing w:before="0" w:line="240" w:lineRule="auto"/>
      <w:jc w:val="center"/>
    </w:pPr>
    <w:rPr>
      <w:rFonts w:ascii="Calibri" w:hAnsi="Calibri"/>
    </w:rPr>
  </w:style>
  <w:style w:type="paragraph" w:customStyle="1" w:styleId="Figure-centered0">
    <w:name w:val="Figure - centered"/>
    <w:autoRedefine/>
    <w:qFormat/>
    <w:rsid w:val="00466746"/>
    <w:pPr>
      <w:spacing w:line="360" w:lineRule="auto"/>
      <w:jc w:val="center"/>
    </w:pPr>
    <w:rPr>
      <w:rFonts w:eastAsia="Times New Roman" w:cs="Times New Roman"/>
      <w:noProof/>
    </w:rPr>
  </w:style>
</w:styles>
